<?xml version="1.0" encoding="utf-8"?>
<items version="2" >

    <item
        is-multidex="true"
        jar="C:\Users\kad\Desktop\GE3\Andoid\projet\LED\app\build\intermediates\incremental-classes\debug\instant-run-bootstrap.jar"
        jumboMode="true"
        optimize="true"
        revision="21.1.2"
        sha1="9d5603dc9fb01f48da9eda07f75deee2e47b2ed1">
        <dex dex="C:\Users\kad\Desktop\GE3\Andoid\projet\LED\app\build\intermediates\transforms\dex\debug\folders\1000\10\instant-run-bootstrap_add8d79e6f6286ec427c5566756a869129224966\classes.dex" />
    </item>
    <item
        is-multidex="true"
        jar="C:\Users\kad\Desktop\GE3\Andoid\projet\LED\app\build\intermediates\exploded-aar\com.android.support\support-v4\21.0.3\jars\classes.jar"
        jumboMode="true"
        optimize="true"
        revision="21.1.2"
        sha1="2c91c949a45a21cdecf26e03951e46c7beec9ad8">
        <dex dex="C:\Users\kad\Desktop\GE3\Andoid\projet\LED\app\build\intermediates\transforms\dex\debug\folders\1000\10\com.android.support-support-v4-21.0.3_b2cfc0578feac345fb9d95bfc11597d7396eb2a9\classes.dex" />
    </item>
    <item
        is-multidex="true"
        jar="C:\Users\kad\AppData\Local\Android\sdk\extras\android\m2repository\com\android\support\support-annotations\21.0.3\support-annotations-21.0.3.jar"
        jumboMode="true"
        optimize="true"
        revision="21.1.2"
        sha1="4b74cefe1f0c1b819e7260c8627a14674e37fd35">
        <dex dex="C:\Users\kad\Desktop\GE3\Andoid\projet\LED\app\build\intermediates\transforms\dex\debug\folders\1000\10\support-annotations-21.0.3_466e9b57af5c9765e1f16bbec20388ecdd4d3688\classes.dex" />
    </item>
    <item
        is-multidex="true"
        jar="C:\Users\kad\Desktop\GE3\Andoid\projet\LED\app\build\intermediates\exploded-aar\com.android.support\support-v4\21.0.3\jars\libs\internal_impl-21.0.3.jar"
        jumboMode="true"
        optimize="true"
        revision="21.1.2"
        sha1="01ec05bfbafcc07646ba813000bf2ef11742dd03">
        <dex dex="C:\Users\kad\Desktop\GE3\Andoid\projet\LED\app\build\intermediates\transforms\dex\debug\folders\1000\10\internal_impl-21.0.3_aa5fa6092d8bebf94ced069bd8af074a5d90bdcd\classes.dex" />
    </item>
    <item
        is-multidex="true"
        jar="C:\Users\kad\Desktop\GE3\Andoid\projet\LED\app\build\intermediates\incremental-runtime-classes\debug\instant-run.jar"
        jumboMode="true"
        optimize="true"
        revision="21.1.2"
        sha1="89846feb6364718264cfd1832a5310fc3634d431">
        <dex dex="C:\Users\kad\Desktop\GE3\Andoid\projet\LED\app\build\intermediates\transforms\dex\debug\folders\1000\10\instant-run_ad795e36d9fc8220e11158adc3928b49f80066a0\classes.dex" />
    </item>
    <item
        is-multidex="true"
        jar="C:\Users\kad\Desktop\GE3\Andoid\projet\LED\app\build\intermediates\exploded-aar\com.android.support\appcompat-v7\21.0.3\jars\classes.jar"
        jumboMode="true"
        optimize="true"
        revision="21.1.2"
        sha1="81d42bf983a8741f4888a6e333e454e4a5e0eeb7">
        <dex dex="C:\Users\kad\Desktop\GE3\Andoid\projet\LED\app\build\intermediates\transforms\dex\debug\folders\1000\10\com.android.support-appcompat-v7-21.0.3_2b785da0a1c295da903a6a963e0e5b5ffd298914\classes.dex" />
    </item>

</items>
