[
    {
        "merged": "C:\\Users\\kad\\Desktop\\GE3\\Andoid\\projet\\LED\\app\\build\\intermediates\\res\\merged\\debug\\color\\abc_primary_text_disable_only_material_light.xml",
        "source": "C:\\Users\\kad\\Desktop\\GE3\\Andoid\\projet\\LED\\app\\build\\intermediates\\exploded-aar\\com.android.support\\appcompat-v7\\21.0.3\\res\\color\\abc_primary_text_disable_only_material_light.xml"
    },
    {
        "merged": "C:\\Users\\kad\\Desktop\\GE3\\Andoid\\projet\\LED\\app\\build\\intermediates\\res\\merged\\debug\\color\\abc_secondary_text_material_light.xml",
        "source": "C:\\Users\\kad\\Desktop\\GE3\\Andoid\\projet\\LED\\app\\build\\intermediates\\exploded-aar\\com.android.support\\appcompat-v7\\21.0.3\\res\\color\\abc_secondary_text_material_light.xml"
    },
    {
        "merged": "C:\\Users\\kad\\Desktop\\GE3\\Andoid\\projet\\LED\\app\\build\\intermediates\\res\\merged\\debug\\color\\abc_primary_text_material_dark.xml",
        "source": "C:\\Users\\kad\\Desktop\\GE3\\Andoid\\projet\\LED\\app\\build\\intermediates\\exploded-aar\\com.android.support\\appcompat-v7\\21.0.3\\res\\color\\abc_primary_text_material_dark.xml"
    },
    {
        "merged": "C:\\Users\\kad\\Desktop\\GE3\\Andoid\\projet\\LED\\app\\build\\intermediates\\res\\merged\\debug\\color\\abc_primary_text_material_light.xml",
        "source": "C:\\Users\\kad\\Desktop\\GE3\\Andoid\\projet\\LED\\app\\build\\intermediates\\exploded-aar\\com.android.support\\appcompat-v7\\21.0.3\\res\\color\\abc_primary_text_material_light.xml"
    },
    {
        "merged": "C:\\Users\\kad\\Desktop\\GE3\\Andoid\\projet\\LED\\app\\build\\intermediates\\res\\merged\\debug\\color\\abc_secondary_text_material_dark.xml",
        "source": "C:\\Users\\kad\\Desktop\\GE3\\Andoid\\projet\\LED\\app\\build\\intermediates\\exploded-aar\\com.android.support\\appcompat-v7\\21.0.3\\res\\color\\abc_secondary_text_material_dark.xml"
    },
    {
        "merged": "C:\\Users\\kad\\Desktop\\GE3\\Andoid\\projet\\LED\\app\\build\\intermediates\\res\\merged\\debug\\color\\abc_search_url_text.xml",
        "source": "C:\\Users\\kad\\Desktop\\GE3\\Andoid\\projet\\LED\\app\\build\\intermediates\\exploded-aar\\com.android.support\\appcompat-v7\\21.0.3\\res\\color\\abc_search_url_text.xml"
    },
    {
        "merged": "C:\\Users\\kad\\Desktop\\GE3\\Andoid\\projet\\LED\\app\\build\\intermediates\\res\\merged\\debug\\color\\abc_background_cache_hint_selector_material_dark.xml",
        "source": "C:\\Users\\kad\\Desktop\\GE3\\Andoid\\projet\\LED\\app\\build\\intermediates\\exploded-aar\\com.android.support\\appcompat-v7\\21.0.3\\res\\color\\abc_background_cache_hint_selector_material_dark.xml"
    },
    {
        "merged": "C:\\Users\\kad\\Desktop\\GE3\\Andoid\\projet\\LED\\app\\build\\intermediates\\res\\merged\\debug\\color\\abc_primary_text_disable_only_material_dark.xml",
        "source": "C:\\Users\\kad\\Desktop\\GE3\\Andoid\\projet\\LED\\app\\build\\intermediates\\exploded-aar\\com.android.support\\appcompat-v7\\21.0.3\\res\\color\\abc_primary_text_disable_only_material_dark.xml"
    },
    {
        "merged": "C:\\Users\\kad\\Desktop\\GE3\\Andoid\\projet\\LED\\app\\build\\intermediates\\res\\merged\\debug\\color\\abc_background_cache_hint_selector_material_light.xml",
        "source": "C:\\Users\\kad\\Desktop\\GE3\\Andoid\\projet\\LED\\app\\build\\intermediates\\exploded-aar\\com.android.support\\appcompat-v7\\21.0.3\\res\\color\\abc_background_cache_hint_selector_material_light.xml"
    }
]