[
    {
        "merged": "C:\\Users\\kad\\Desktop\\GE3\\Andoid\\projet\\LED\\app\\build\\intermediates\\res\\merged\\debug\\drawable\\abc_btn_radio_material.xml",
        "source": "C:\\Users\\kad\\Desktop\\GE3\\Andoid\\projet\\LED\\app\\build\\intermediates\\exploded-aar\\com.android.support\\appcompat-v7\\21.0.3\\res\\drawable\\abc_btn_radio_material.xml"
    },
    {
        "merged": "C:\\Users\\kad\\Desktop\\GE3\\Andoid\\projet\\LED\\app\\build\\intermediates\\res\\merged\\debug\\drawable\\abc_list_selector_background_transition_holo_dark.xml",
        "source": "C:\\Users\\kad\\Desktop\\GE3\\Andoid\\projet\\LED\\app\\build\\intermediates\\exploded-aar\\com.android.support\\appcompat-v7\\21.0.3\\res\\drawable\\abc_list_selector_background_transition_holo_dark.xml"
    },
    {
        "merged": "C:\\Users\\kad\\Desktop\\GE3\\Andoid\\projet\\LED\\app\\build\\intermediates\\res\\merged\\debug\\drawable\\abc_list_selector_background_transition_holo_light.xml",
        "source": "C:\\Users\\kad\\Desktop\\GE3\\Andoid\\projet\\LED\\app\\build\\intermediates\\exploded-aar\\com.android.support\\appcompat-v7\\21.0.3\\res\\drawable\\abc_list_selector_background_transition_holo_light.xml"
    },
    {
        "merged": "C:\\Users\\kad\\Desktop\\GE3\\Andoid\\projet\\LED\\app\\build\\intermediates\\res\\merged\\debug\\drawable\\abc_btn_check_material.xml",
        "source": "C:\\Users\\kad\\Desktop\\GE3\\Andoid\\projet\\LED\\app\\build\\intermediates\\exploded-aar\\com.android.support\\appcompat-v7\\21.0.3\\res\\drawable\\abc_btn_check_material.xml"
    },
    {
        "merged": "C:\\Users\\kad\\Desktop\\GE3\\Andoid\\projet\\LED\\app\\build\\intermediates\\res\\merged\\debug\\drawable\\abc_item_background_holo_dark.xml",
        "source": "C:\\Users\\kad\\Desktop\\GE3\\Andoid\\projet\\LED\\app\\build\\intermediates\\exploded-aar\\com.android.support\\appcompat-v7\\21.0.3\\res\\drawable\\abc_item_background_holo_dark.xml"
    },
    {
        "merged": "C:\\Users\\kad\\Desktop\\GE3\\Andoid\\projet\\LED\\app\\build\\intermediates\\res\\merged\\debug\\drawable\\abc_list_selector_holo_light.xml",
        "source": "C:\\Users\\kad\\Desktop\\GE3\\Andoid\\projet\\LED\\app\\build\\intermediates\\exploded-aar\\com.android.support\\appcompat-v7\\21.0.3\\res\\drawable\\abc_list_selector_holo_light.xml"
    },
    {
        "merged": "C:\\Users\\kad\\Desktop\\GE3\\Andoid\\projet\\LED\\app\\build\\intermediates\\res\\merged\\debug\\drawable\\abc_cab_background_top_material.xml",
        "source": "C:\\Users\\kad\\Desktop\\GE3\\Andoid\\projet\\LED\\app\\build\\intermediates\\exploded-aar\\com.android.support\\appcompat-v7\\21.0.3\\res\\drawable\\abc_cab_background_top_material.xml"
    },
    {
        "merged": "C:\\Users\\kad\\Desktop\\GE3\\Andoid\\projet\\LED\\app\\build\\intermediates\\res\\merged\\debug\\drawable\\abc_edit_text_material.xml",
        "source": "C:\\Users\\kad\\Desktop\\GE3\\Andoid\\projet\\LED\\app\\build\\intermediates\\exploded-aar\\com.android.support\\appcompat-v7\\21.0.3\\res\\drawable\\abc_edit_text_material.xml"
    },
    {
        "merged": "C:\\Users\\kad\\Desktop\\GE3\\Andoid\\projet\\LED\\app\\build\\intermediates\\res\\merged\\debug\\drawable\\abc_tab_indicator_material.xml",
        "source": "C:\\Users\\kad\\Desktop\\GE3\\Andoid\\projet\\LED\\app\\build\\intermediates\\exploded-aar\\com.android.support\\appcompat-v7\\21.0.3\\res\\drawable\\abc_tab_indicator_material.xml"
    },
    {
        "merged": "C:\\Users\\kad\\Desktop\\GE3\\Andoid\\projet\\LED\\app\\build\\intermediates\\res\\merged\\debug\\drawable\\abc_list_selector_holo_dark.xml",
        "source": "C:\\Users\\kad\\Desktop\\GE3\\Andoid\\projet\\LED\\app\\build\\intermediates\\exploded-aar\\com.android.support\\appcompat-v7\\21.0.3\\res\\drawable\\abc_list_selector_holo_dark.xml"
    },
    {
        "merged": "C:\\Users\\kad\\Desktop\\GE3\\Andoid\\projet\\LED\\app\\build\\intermediates\\res\\merged\\debug\\drawable\\abc_switch_thumb_material.xml",
        "source": "C:\\Users\\kad\\Desktop\\GE3\\Andoid\\projet\\LED\\app\\build\\intermediates\\exploded-aar\\com.android.support\\appcompat-v7\\21.0.3\\res\\drawable\\abc_switch_thumb_material.xml"
    },
    {
        "merged": "C:\\Users\\kad\\Desktop\\GE3\\Andoid\\projet\\LED\\app\\build\\intermediates\\res\\merged\\debug\\drawable\\abc_textfield_search_material.xml",
        "source": "C:\\Users\\kad\\Desktop\\GE3\\Andoid\\projet\\LED\\app\\build\\intermediates\\exploded-aar\\com.android.support\\appcompat-v7\\21.0.3\\res\\drawable\\abc_textfield_search_material.xml"
    },
    {
        "merged": "C:\\Users\\kad\\Desktop\\GE3\\Andoid\\projet\\LED\\app\\build\\intermediates\\res\\merged\\debug\\drawable\\abc_cab_background_internal_bg.xml",
        "source": "C:\\Users\\kad\\Desktop\\GE3\\Andoid\\projet\\LED\\app\\build\\intermediates\\exploded-aar\\com.android.support\\appcompat-v7\\21.0.3\\res\\drawable\\abc_cab_background_internal_bg.xml"
    },
    {
        "merged": "C:\\Users\\kad\\Desktop\\GE3\\Andoid\\projet\\LED\\app\\build\\intermediates\\res\\merged\\debug\\drawable\\abc_item_background_holo_light.xml",
        "source": "C:\\Users\\kad\\Desktop\\GE3\\Andoid\\projet\\LED\\app\\build\\intermediates\\exploded-aar\\com.android.support\\appcompat-v7\\21.0.3\\res\\drawable\\abc_item_background_holo_light.xml"
    }
]