[
    {
        "merged": "C:\\Users\\kad\\Desktop\\GE3\\Andoid\\projet\\LED\\app\\build\\intermediates\\res\\merged\\debug\\drawable-ldrtl-xhdpi\\abc_ic_ab_back_mtrl_am_alpha.png",
        "source": "C:\\Users\\kad\\Desktop\\GE3\\Andoid\\projet\\LED\\app\\build\\intermediates\\exploded-aar\\com.android.support\\appcompat-v7\\21.0.3\\res\\drawable-ldrtl-xhdpi\\abc_ic_ab_back_mtrl_am_alpha.png"
    },
    {
        "merged": "C:\\Users\\kad\\Desktop\\GE3\\Andoid\\projet\\LED\\app\\build\\intermediates\\res\\merged\\debug\\drawable-ldrtl-xhdpi\\abc_spinner_mtrl_am_alpha.9.png",
        "source": "C:\\Users\\kad\\Desktop\\GE3\\Andoid\\projet\\LED\\app\\build\\intermediates\\exploded-aar\\com.android.support\\appcompat-v7\\21.0.3\\res\\drawable-ldrtl-xhdpi\\abc_spinner_mtrl_am_alpha.9.png"
    },
    {
        "merged": "C:\\Users\\kad\\Desktop\\GE3\\Andoid\\projet\\LED\\app\\build\\intermediates\\res\\merged\\debug\\drawable-ldrtl-xhdpi\\abc_ic_menu_copy_mtrl_am_alpha.png",
        "source": "C:\\Users\\kad\\Desktop\\GE3\\Andoid\\projet\\LED\\app\\build\\intermediates\\exploded-aar\\com.android.support\\appcompat-v7\\21.0.3\\res\\drawable-ldrtl-xhdpi\\abc_ic_menu_copy_mtrl_am_alpha.png"
    },
    {
        "merged": "C:\\Users\\kad\\Desktop\\GE3\\Andoid\\projet\\LED\\app\\build\\intermediates\\res\\merged\\debug\\drawable-ldrtl-xhdpi\\abc_ic_menu_cut_mtrl_alpha.png",
        "source": "C:\\Users\\kad\\Desktop\\GE3\\Andoid\\projet\\LED\\app\\build\\intermediates\\exploded-aar\\com.android.support\\appcompat-v7\\21.0.3\\res\\drawable-ldrtl-xhdpi\\abc_ic_menu_cut_mtrl_alpha.png"
    }
]