[
    {
        "merged": "C:\\Users\\kad\\Desktop\\GE3\\Andoid\\projet\\LED\\app\\build\\intermediates\\res\\merged\\debug\\layout\\abc_list_menu_item_radio.xml",
        "source": "C:\\Users\\kad\\Desktop\\GE3\\Andoid\\projet\\LED\\app\\build\\intermediates\\exploded-aar\\com.android.support\\appcompat-v7\\21.0.3\\res\\layout\\abc_list_menu_item_radio.xml"
    },
    {
        "merged": "C:\\Users\\kad\\Desktop\\GE3\\Andoid\\projet\\LED\\app\\build\\intermediates\\res\\merged\\debug\\layout\\abc_simple_dropdown_hint.xml",
        "source": "C:\\Users\\kad\\Desktop\\GE3\\Andoid\\projet\\LED\\app\\build\\intermediates\\exploded-aar\\com.android.support\\appcompat-v7\\21.0.3\\res\\layout\\abc_simple_dropdown_hint.xml"
    },
    {
        "merged": "C:\\Users\\kad\\Desktop\\GE3\\Andoid\\projet\\LED\\app\\build\\intermediates\\res\\merged\\debug\\layout\\abc_popup_menu_item_layout.xml",
        "source": "C:\\Users\\kad\\Desktop\\GE3\\Andoid\\projet\\LED\\app\\build\\intermediates\\exploded-aar\\com.android.support\\appcompat-v7\\21.0.3\\res\\layout\\abc_popup_menu_item_layout.xml"
    },
    {
        "merged": "C:\\Users\\kad\\Desktop\\GE3\\Andoid\\projet\\LED\\app\\build\\intermediates\\res\\merged\\debug\\layout\\abc_action_mode_close_item_material.xml",
        "source": "C:\\Users\\kad\\Desktop\\GE3\\Andoid\\projet\\LED\\app\\build\\intermediates\\exploded-aar\\com.android.support\\appcompat-v7\\21.0.3\\res\\layout\\abc_action_mode_close_item_material.xml"
    },
    {
        "merged": "C:\\Users\\kad\\Desktop\\GE3\\Andoid\\projet\\LED\\app\\build\\intermediates\\res\\merged\\debug\\layout\\activity_led_control.xml",
        "source": "C:\\Users\\kad\\Desktop\\GE3\\Andoid\\projet\\LED\\app\\src\\main\\res\\layout\\activity_led_control.xml"
    },
    {
        "merged": "C:\\Users\\kad\\Desktop\\GE3\\Andoid\\projet\\LED\\app\\build\\intermediates\\res\\merged\\debug\\layout\\abc_list_menu_item_checkbox.xml",
        "source": "C:\\Users\\kad\\Desktop\\GE3\\Andoid\\projet\\LED\\app\\build\\intermediates\\exploded-aar\\com.android.support\\appcompat-v7\\21.0.3\\res\\layout\\abc_list_menu_item_checkbox.xml"
    },
    {
        "merged": "C:\\Users\\kad\\Desktop\\GE3\\Andoid\\projet\\LED\\app\\build\\intermediates\\res\\merged\\debug\\layout\\abc_action_bar_view_list_nav_layout.xml",
        "source": "C:\\Users\\kad\\Desktop\\GE3\\Andoid\\projet\\LED\\app\\build\\intermediates\\exploded-aar\\com.android.support\\appcompat-v7\\21.0.3\\res\\layout\\abc_action_bar_view_list_nav_layout.xml"
    },
    {
        "merged": "C:\\Users\\kad\\Desktop\\GE3\\Andoid\\projet\\LED\\app\\build\\intermediates\\res\\merged\\debug\\layout\\abc_list_menu_item_layout.xml",
        "source": "C:\\Users\\kad\\Desktop\\GE3\\Andoid\\projet\\LED\\app\\build\\intermediates\\exploded-aar\\com.android.support\\appcompat-v7\\21.0.3\\res\\layout\\abc_list_menu_item_layout.xml"
    },
    {
        "merged": "C:\\Users\\kad\\Desktop\\GE3\\Andoid\\projet\\LED\\app\\build\\intermediates\\res\\merged\\debug\\layout\\abc_screen_toolbar.xml",
        "source": "C:\\Users\\kad\\Desktop\\GE3\\Andoid\\projet\\LED\\app\\build\\intermediates\\exploded-aar\\com.android.support\\appcompat-v7\\21.0.3\\res\\layout\\abc_screen_toolbar.xml"
    },
    {
        "merged": "C:\\Users\\kad\\Desktop\\GE3\\Andoid\\projet\\LED\\app\\build\\intermediates\\res\\merged\\debug\\layout\\abc_action_menu_item_layout.xml",
        "source": "C:\\Users\\kad\\Desktop\\GE3\\Andoid\\projet\\LED\\app\\build\\intermediates\\exploded-aar\\com.android.support\\appcompat-v7\\21.0.3\\res\\layout\\abc_action_menu_item_layout.xml"
    },
    {
        "merged": "C:\\Users\\kad\\Desktop\\GE3\\Andoid\\projet\\LED\\app\\build\\intermediates\\res\\merged\\debug\\layout\\abc_activity_chooser_view.xml",
        "source": "C:\\Users\\kad\\Desktop\\GE3\\Andoid\\projet\\LED\\app\\build\\intermediates\\exploded-aar\\com.android.support\\appcompat-v7\\21.0.3\\res\\layout\\abc_activity_chooser_view.xml"
    },
    {
        "merged": "C:\\Users\\kad\\Desktop\\GE3\\Andoid\\projet\\LED\\app\\build\\intermediates\\res\\merged\\debug\\layout\\abc_screen_simple_overlay_action_mode.xml",
        "source": "C:\\Users\\kad\\Desktop\\GE3\\Andoid\\projet\\LED\\app\\build\\intermediates\\exploded-aar\\com.android.support\\appcompat-v7\\21.0.3\\res\\layout\\abc_screen_simple_overlay_action_mode.xml"
    },
    {
        "merged": "C:\\Users\\kad\\Desktop\\GE3\\Andoid\\projet\\LED\\app\\build\\intermediates\\res\\merged\\debug\\layout\\abc_list_menu_item_icon.xml",
        "source": "C:\\Users\\kad\\Desktop\\GE3\\Andoid\\projet\\LED\\app\\build\\intermediates\\exploded-aar\\com.android.support\\appcompat-v7\\21.0.3\\res\\layout\\abc_list_menu_item_icon.xml"
    },
    {
        "merged": "C:\\Users\\kad\\Desktop\\GE3\\Andoid\\projet\\LED\\app\\build\\intermediates\\res\\merged\\debug\\layout\\support_simple_spinner_dropdown_item.xml",
        "source": "C:\\Users\\kad\\Desktop\\GE3\\Andoid\\projet\\LED\\app\\build\\intermediates\\exploded-aar\\com.android.support\\appcompat-v7\\21.0.3\\res\\layout\\support_simple_spinner_dropdown_item.xml"
    },
    {
        "merged": "C:\\Users\\kad\\Desktop\\GE3\\Andoid\\projet\\LED\\app\\build\\intermediates\\res\\merged\\debug\\layout\\abc_search_view.xml",
        "source": "C:\\Users\\kad\\Desktop\\GE3\\Andoid\\projet\\LED\\app\\build\\intermediates\\exploded-aar\\com.android.support\\appcompat-v7\\21.0.3\\res\\layout\\abc_search_view.xml"
    },
    {
        "merged": "C:\\Users\\kad\\Desktop\\GE3\\Andoid\\projet\\LED\\app\\build\\intermediates\\res\\merged\\debug\\layout\\abc_activity_chooser_view_list_item.xml",
        "source": "C:\\Users\\kad\\Desktop\\GE3\\Andoid\\projet\\LED\\app\\build\\intermediates\\exploded-aar\\com.android.support\\appcompat-v7\\21.0.3\\res\\layout\\abc_activity_chooser_view_list_item.xml"
    },
    {
        "merged": "C:\\Users\\kad\\Desktop\\GE3\\Andoid\\projet\\LED\\app\\build\\intermediates\\res\\merged\\debug\\layout\\abc_action_bar_up_container.xml",
        "source": "C:\\Users\\kad\\Desktop\\GE3\\Andoid\\projet\\LED\\app\\build\\intermediates\\exploded-aar\\com.android.support\\appcompat-v7\\21.0.3\\res\\layout\\abc_action_bar_up_container.xml"
    },
    {
        "merged": "C:\\Users\\kad\\Desktop\\GE3\\Andoid\\projet\\LED\\app\\build\\intermediates\\res\\merged\\debug\\layout\\abc_expanded_menu_layout.xml",
        "source": "C:\\Users\\kad\\Desktop\\GE3\\Andoid\\projet\\LED\\app\\build\\intermediates\\exploded-aar\\com.android.support\\appcompat-v7\\21.0.3\\res\\layout\\abc_expanded_menu_layout.xml"
    },
    {
        "merged": "C:\\Users\\kad\\Desktop\\GE3\\Andoid\\projet\\LED\\app\\build\\intermediates\\res\\merged\\debug\\layout\\abc_screen_simple.xml",
        "source": "C:\\Users\\kad\\Desktop\\GE3\\Andoid\\projet\\LED\\app\\build\\intermediates\\exploded-aar\\com.android.support\\appcompat-v7\\21.0.3\\res\\layout\\abc_screen_simple.xml"
    },
    {
        "merged": "C:\\Users\\kad\\Desktop\\GE3\\Andoid\\projet\\LED\\app\\build\\intermediates\\res\\merged\\debug\\layout\\abc_action_menu_layout.xml",
        "source": "C:\\Users\\kad\\Desktop\\GE3\\Andoid\\projet\\LED\\app\\build\\intermediates\\exploded-aar\\com.android.support\\appcompat-v7\\21.0.3\\res\\layout\\abc_action_menu_layout.xml"
    },
    {
        "merged": "C:\\Users\\kad\\Desktop\\GE3\\Andoid\\projet\\LED\\app\\build\\intermediates\\res\\merged\\debug\\layout\\abc_search_dropdown_item_icons_2line.xml",
        "source": "C:\\Users\\kad\\Desktop\\GE3\\Andoid\\projet\\LED\\app\\build\\intermediates\\exploded-aar\\com.android.support\\appcompat-v7\\21.0.3\\res\\layout\\abc_search_dropdown_item_icons_2line.xml"
    },
    {
        "merged": "C:\\Users\\kad\\Desktop\\GE3\\Andoid\\projet\\LED\\app\\build\\intermediates\\res\\merged\\debug\\layout\\activity_device_list.xml",
        "source": "C:\\Users\\kad\\Desktop\\GE3\\Andoid\\projet\\LED\\app\\src\\main\\res\\layout\\activity_device_list.xml"
    },
    {
        "merged": "C:\\Users\\kad\\Desktop\\GE3\\Andoid\\projet\\LED\\app\\build\\intermediates\\res\\merged\\debug\\layout\\abc_activity_chooser_view_include.xml",
        "source": "C:\\Users\\kad\\Desktop\\GE3\\Andoid\\projet\\LED\\app\\build\\intermediates\\exploded-aar\\com.android.support\\appcompat-v7\\21.0.3\\res\\layout\\abc_activity_chooser_view_include.xml"
    },
    {
        "merged": "C:\\Users\\kad\\Desktop\\GE3\\Andoid\\projet\\LED\\app\\build\\intermediates\\res\\merged\\debug\\layout\\abc_action_bar_title_item.xml",
        "source": "C:\\Users\\kad\\Desktop\\GE3\\Andoid\\projet\\LED\\app\\build\\intermediates\\exploded-aar\\com.android.support\\appcompat-v7\\21.0.3\\res\\layout\\abc_action_bar_title_item.xml"
    },
    {
        "merged": "C:\\Users\\kad\\Desktop\\GE3\\Andoid\\projet\\LED\\app\\build\\intermediates\\res\\merged\\debug\\layout\\abc_action_mode_bar.xml",
        "source": "C:\\Users\\kad\\Desktop\\GE3\\Andoid\\projet\\LED\\app\\build\\intermediates\\exploded-aar\\com.android.support\\appcompat-v7\\21.0.3\\res\\layout\\abc_action_mode_bar.xml"
    }
]