[
    {
        "outputFile": "C:\\Users\\kad\\Desktop\\GE3\\Andoid\\projet\\LED\\app\\build\\intermediates\\incremental\\mergeDebugResources\\merged.dir\\values-v21\\values-v21.xml",
        "map": [
            {
                "to": {
                    "startLine": 2,
                    "startColumn": 4,
                    "startOffset": 55,
                    "endColumn": 90,
                    "endOffset": 141
                },
                "from": {
                    "file": "C:\\Users\\kad\\Desktop\\GE3\\Andoid\\projet\\LED\\app\\build\\intermediates\\exploded-aar\\com.android.support\\appcompat-v7\\21.0.3\\res\\values-v21\\values.xml",
                    "position": {
                        "startLine": 3,
                        "startColumn": 4,
                        "startOffset": 56,
                        "endColumn": 91,
                        "endOffset": 143
                    }
                }
            },
            {
                "to": {
                    "startLine": 3,
                    "startColumn": 4,
                    "startOffset": 146,
                    "endColumn": 102,
                    "endOffset": 244
                },
                "from": {
                    "file": "C:\\Users\\kad\\Desktop\\GE3\\Andoid\\projet\\LED\\app\\build\\intermediates\\exploded-aar\\com.android.support\\appcompat-v7\\21.0.3\\res\\values-v21\\values.xml",
                    "position": {
                        "startLine": 5,
                        "startColumn": 4,
                        "startOffset": 149,
                        "endColumn": 103,
                        "endOffset": 248
                    }
                }
            },
            {
                "to": {
                    "startLine": 4,
                    "startColumn": 4,
                    "startOffset": 249,
                    "endColumn": 102,
                    "endOffset": 347
                },
                "from": {
                    "file": "C:\\Users\\kad\\Desktop\\GE3\\Andoid\\projet\\LED\\app\\build\\intermediates\\exploded-aar\\com.android.support\\appcompat-v7\\21.0.3\\res\\values-v21\\values.xml",
                    "position": {
                        "startLine": 7,
                        "startColumn": 4,
                        "startOffset": 254,
                        "endColumn": 103,
                        "endOffset": 353
                    }
                }
            },
            {
                "to": {
                    "startLine": 5,
                    "startColumn": 4,
                    "startOffset": 352,
                    "endColumn": 104,
                    "endOffset": 452
                },
                "from": {
                    "file": "C:\\Users\\kad\\Desktop\\GE3\\Andoid\\projet\\LED\\app\\build\\intermediates\\exploded-aar\\com.android.support\\appcompat-v7\\21.0.3\\res\\values-v21\\values.xml",
                    "position": {
                        "startLine": 9,
                        "startColumn": 4,
                        "startOffset": 359,
                        "endColumn": 105,
                        "endOffset": 460
                    }
                }
            },
            {
                "to": {
                    "startLine": 6,
                    "startColumn": 4,
                    "startOffset": 457,
                    "endColumn": 106,
                    "endOffset": 559
                },
                "from": {
                    "file": "C:\\Users\\kad\\Desktop\\GE3\\Andoid\\projet\\LED\\app\\build\\intermediates\\exploded-aar\\com.android.support\\appcompat-v7\\21.0.3\\res\\values-v21\\values.xml",
                    "position": {
                        "startLine": 11,
                        "startColumn": 4,
                        "startOffset": 466,
                        "endColumn": 107,
                        "endOffset": 569
                    }
                }
            },
            {
                "to": {
                    "startLine": 7,
                    "startColumn": 4,
                    "startOffset": 564,
                    "endColumn": 108,
                    "endOffset": 668
                },
                "from": {
                    "file": "C:\\Users\\kad\\Desktop\\GE3\\Andoid\\projet\\LED\\app\\build\\intermediates\\exploded-aar\\com.android.support\\appcompat-v7\\21.0.3\\res\\values-v21\\values.xml",
                    "position": {
                        "startLine": 13,
                        "startColumn": 4,
                        "startOffset": 575,
                        "endColumn": 109,
                        "endOffset": 680
                    }
                }
            },
            {
                "to": {
                    "startLine": 8,
                    "startColumn": 4,
                    "startOffset": 673,
                    "endColumn": 108,
                    "endOffset": 777
                },
                "from": {
                    "file": "C:\\Users\\kad\\Desktop\\GE3\\Andoid\\projet\\LED\\app\\build\\intermediates\\exploded-aar\\com.android.support\\appcompat-v7\\21.0.3\\res\\values-v21\\values.xml",
                    "position": {
                        "startLine": 15,
                        "startColumn": 4,
                        "startOffset": 686,
                        "endColumn": 109,
                        "endOffset": 791
                    }
                }
            },
            {
                "to": {
                    "startLine": 9,
                    "startColumn": 4,
                    "startOffset": 782,
                    "endColumn": 108,
                    "endOffset": 886
                },
                "from": {
                    "file": "C:\\Users\\kad\\Desktop\\GE3\\Andoid\\projet\\LED\\app\\build\\intermediates\\exploded-aar\\com.android.support\\appcompat-v7\\21.0.3\\res\\values-v21\\values.xml",
                    "position": {
                        "startLine": 17,
                        "startColumn": 4,
                        "startOffset": 797,
                        "endColumn": 109,
                        "endOffset": 902
                    }
                }
            },
            {
                "to": {
                    "startLine": 10,
                    "startColumn": 4,
                    "startOffset": 891,
                    "endColumn": 108,
                    "endOffset": 995
                },
                "from": {
                    "file": "C:\\Users\\kad\\Desktop\\GE3\\Andoid\\projet\\LED\\app\\build\\intermediates\\exploded-aar\\com.android.support\\appcompat-v7\\21.0.3\\res\\values-v21\\values.xml",
                    "position": {
                        "startLine": 19,
                        "startColumn": 4,
                        "startOffset": 908,
                        "endColumn": 109,
                        "endOffset": 1013
                    }
                }
            },
            {
                "to": {
                    "startLine": 11,
                    "startColumn": 4,
                    "startOffset": 1000,
                    "endColumn": 108,
                    "endOffset": 1104
                },
                "from": {
                    "file": "C:\\Users\\kad\\Desktop\\GE3\\Andoid\\projet\\LED\\app\\build\\intermediates\\exploded-aar\\com.android.support\\appcompat-v7\\21.0.3\\res\\values-v21\\values.xml",
                    "position": {
                        "startLine": 21,
                        "startColumn": 4,
                        "startOffset": 1019,
                        "endColumn": 109,
                        "endOffset": 1124
                    }
                }
            },
            {
                "to": {
                    "startLine": 12,
                    "startColumn": 4,
                    "startOffset": 1109,
                    "endColumn": 106,
                    "endOffset": 1211
                },
                "from": {
                    "file": "C:\\Users\\kad\\Desktop\\GE3\\Andoid\\projet\\LED\\app\\build\\intermediates\\exploded-aar\\com.android.support\\appcompat-v7\\21.0.3\\res\\values-v21\\values.xml",
                    "position": {
                        "startLine": 23,
                        "startColumn": 4,
                        "startOffset": 1130,
                        "endColumn": 107,
                        "endOffset": 1233
                    }
                }
            },
            {
                "to": {
                    "startLine": 13,
                    "startColumn": 4,
                    "startOffset": 1216,
                    "endColumn": 102,
                    "endOffset": 1314
                },
                "from": {
                    "file": "C:\\Users\\kad\\Desktop\\GE3\\Andoid\\projet\\LED\\app\\build\\intermediates\\exploded-aar\\com.android.support\\appcompat-v7\\21.0.3\\res\\values-v21\\values.xml",
                    "position": {
                        "startLine": 25,
                        "startColumn": 4,
                        "startOffset": 1239,
                        "endColumn": 103,
                        "endOffset": 1338
                    }
                }
            },
            {
                "to": {
                    "startLine": 14,
                    "startColumn": 4,
                    "startOffset": 1319,
                    "endColumn": 118,
                    "endOffset": 1433
                },
                "from": {
                    "file": "C:\\Users\\kad\\Desktop\\GE3\\Andoid\\projet\\LED\\app\\build\\intermediates\\exploded-aar\\com.android.support\\appcompat-v7\\21.0.3\\res\\values-v21\\values.xml",
                    "position": {
                        "startLine": 27,
                        "startColumn": 4,
                        "startOffset": 1344,
                        "endColumn": 119,
                        "endOffset": 1459
                    }
                }
            },
            {
                "to": {
                    "startLine": 15,
                    "startColumn": 4,
                    "startOffset": 1438,
                    "endColumn": 142,
                    "endOffset": 1576
                },
                "from": {
                    "file": "C:\\Users\\kad\\Desktop\\GE3\\Andoid\\projet\\LED\\app\\build\\intermediates\\exploded-aar\\com.android.support\\appcompat-v7\\21.0.3\\res\\values-v21\\values.xml",
                    "position": {
                        "startLine": 29,
                        "startColumn": 4,
                        "startOffset": 1465,
                        "endColumn": 149,
                        "endOffset": 1610
                    }
                }
            },
            {
                "to": {
                    "startLine": 16,
                    "startColumn": 4,
                    "startOffset": 1581,
                    "endColumn": 142,
                    "endOffset": 1719
                },
                "from": {
                    "file": "C:\\Users\\kad\\Desktop\\GE3\\Andoid\\projet\\LED\\app\\build\\intermediates\\exploded-aar\\com.android.support\\appcompat-v7\\21.0.3\\res\\values-v21\\values.xml",
                    "position": {
                        "startLine": 31,
                        "startColumn": 4,
                        "startOffset": 1616,
                        "endColumn": 149,
                        "endOffset": 1761
                    }
                }
            },
            {
                "to": {
                    "startLine": 17,
                    "startColumn": 4,
                    "startOffset": 1724,
                    "endColumn": 104,
                    "endOffset": 1824
                },
                "from": {
                    "file": "C:\\Users\\kad\\Desktop\\GE3\\Andoid\\projet\\LED\\app\\build\\intermediates\\exploded-aar\\com.android.support\\appcompat-v7\\21.0.3\\res\\values-v21\\values.xml",
                    "position": {
                        "startLine": 33,
                        "startColumn": 4,
                        "startOffset": 1767,
                        "endColumn": 105,
                        "endOffset": 1868
                    }
                }
            },
            {
                "to": {
                    "startLine": 18,
                    "startColumn": 4,
                    "startOffset": 1829,
                    "endColumn": 120,
                    "endOffset": 1945
                },
                "from": {
                    "file": "C:\\Users\\kad\\Desktop\\GE3\\Andoid\\projet\\LED\\app\\build\\intermediates\\exploded-aar\\com.android.support\\appcompat-v7\\21.0.3\\res\\values-v21\\values.xml",
                    "position": {
                        "startLine": 35,
                        "startColumn": 4,
                        "startOffset": 1874,
                        "endColumn": 121,
                        "endOffset": 1991
                    }
                }
            },
            {
                "to": {
                    "startLine": 19,
                    "startColumn": 4,
                    "startOffset": 1950,
                    "endColumn": 100,
                    "endOffset": 2046
                },
                "from": {
                    "file": "C:\\Users\\kad\\Desktop\\GE3\\Andoid\\projet\\LED\\app\\build\\intermediates\\exploded-aar\\com.android.support\\appcompat-v7\\21.0.3\\res\\values-v21\\values.xml",
                    "position": {
                        "startLine": 37,
                        "startColumn": 4,
                        "startOffset": 1997,
                        "endColumn": 101,
                        "endOffset": 2094
                    }
                }
            },
            {
                "to": {
                    "startLine": 20,
                    "startColumn": 4,
                    "startOffset": 2051,
                    "endColumn": 135,
                    "endOffset": 2182
                },
                "from": {
                    "file": "C:\\Users\\kad\\Desktop\\GE3\\Andoid\\projet\\LED\\app\\build\\intermediates\\exploded-aar\\com.android.support\\appcompat-v7\\21.0.3\\res\\values-v21\\values.xml",
                    "position": {
                        "startLine": 39,
                        "startColumn": 4,
                        "startOffset": 2100,
                        "endColumn": 142,
                        "endOffset": 2238
                    }
                }
            },
            {
                "to": {
                    "startLine": 21,
                    "startColumn": 4,
                    "startOffset": 2187,
                    "endColumn": 129,
                    "endOffset": 2312
                },
                "from": {
                    "file": "C:\\Users\\kad\\Desktop\\GE3\\Andoid\\projet\\LED\\app\\build\\intermediates\\exploded-aar\\com.android.support\\appcompat-v7\\21.0.3\\res\\values-v21\\values.xml",
                    "position": {
                        "startLine": 41,
                        "startColumn": 4,
                        "startOffset": 2244,
                        "endColumn": 136,
                        "endOffset": 2376
                    }
                }
            },
            {
                "to": {
                    "startLine": 22,
                    "startColumn": 4,
                    "startOffset": 2317,
                    "endColumn": 102,
                    "endOffset": 2415
                },
                "from": {
                    "file": "C:\\Users\\kad\\Desktop\\GE3\\Andoid\\projet\\LED\\app\\build\\intermediates\\exploded-aar\\com.android.support\\appcompat-v7\\21.0.3\\res\\values-v21\\values.xml",
                    "position": {
                        "startLine": 43,
                        "startColumn": 4,
                        "startOffset": 2382,
                        "endColumn": 103,
                        "endOffset": 2481
                    }
                }
            },
            {
                "to": {
                    "startLine": 23,
                    "startColumn": 4,
                    "startOffset": 2420,
                    "endColumn": 118,
                    "endOffset": 2534
                },
                "from": {
                    "file": "C:\\Users\\kad\\Desktop\\GE3\\Andoid\\projet\\LED\\app\\build\\intermediates\\exploded-aar\\com.android.support\\appcompat-v7\\21.0.3\\res\\values-v21\\values.xml",
                    "position": {
                        "startLine": 45,
                        "startColumn": 4,
                        "startOffset": 2487,
                        "endColumn": 119,
                        "endOffset": 2602
                    }
                }
            },
            {
                "to": {
                    "startLine": 24,
                    "startColumn": 4,
                    "startOffset": 2539,
                    "endColumn": 106,
                    "endOffset": 2641
                },
                "from": {
                    "file": "C:\\Users\\kad\\Desktop\\GE3\\Andoid\\projet\\LED\\app\\build\\intermediates\\exploded-aar\\com.android.support\\appcompat-v7\\21.0.3\\res\\values-v21\\values.xml",
                    "position": {
                        "startLine": 47,
                        "startColumn": 4,
                        "startOffset": 2608,
                        "endColumn": 107,
                        "endOffset": 2711
                    }
                }
            },
            {
                "to": {
                    "startLine": 25,
                    "startColumn": 4,
                    "startOffset": 2646,
                    "endColumn": 102,
                    "endOffset": 2744
                },
                "from": {
                    "file": "C:\\Users\\kad\\Desktop\\GE3\\Andoid\\projet\\LED\\app\\build\\intermediates\\exploded-aar\\com.android.support\\appcompat-v7\\21.0.3\\res\\values-v21\\values.xml",
                    "position": {
                        "startLine": 49,
                        "startColumn": 4,
                        "startOffset": 2717,
                        "endColumn": 103,
                        "endOffset": 2816
                    }
                }
            },
            {
                "to": {
                    "startLine": 26,
                    "startColumn": 4,
                    "startOffset": 2749,
                    "endColumn": 134,
                    "endOffset": 2879
                },
                "from": {
                    "file": "C:\\Users\\kad\\Desktop\\GE3\\Andoid\\projet\\LED\\app\\build\\intermediates\\exploded-aar\\com.android.support\\appcompat-v7\\21.0.3\\res\\values-v21\\values.xml",
                    "position": {
                        "startLine": 51,
                        "startColumn": 4,
                        "startOffset": 2822,
                        "endColumn": 141,
                        "endOffset": 2959
                    }
                }
            },
            {
                "to": {
                    "startLine": 27,
                    "startColumn": 4,
                    "startOffset": 2884,
                    "endColumn": 142,
                    "endOffset": 3022
                },
                "from": {
                    "file": "C:\\Users\\kad\\Desktop\\GE3\\Andoid\\projet\\LED\\app\\build\\intermediates\\exploded-aar\\com.android.support\\appcompat-v7\\21.0.3\\res\\values-v21\\values.xml",
                    "position": {
                        "startLine": 53,
                        "startColumn": 4,
                        "startOffset": 2965,
                        "endColumn": 149,
                        "endOffset": 3110
                    }
                }
            },
            {
                "to": {
                    "startLine": 28,
                    "startColumn": 4,
                    "startOffset": 3027,
                    "endColumn": 158,
                    "endOffset": 3181
                },
                "from": {
                    "file": "C:\\Users\\kad\\Desktop\\GE3\\Andoid\\projet\\LED\\app\\build\\intermediates\\exploded-aar\\com.android.support\\appcompat-v7\\21.0.3\\res\\values-v21\\values.xml",
                    "position": {
                        "startLine": 55,
                        "startColumn": 4,
                        "startOffset": 3116,
                        "endColumn": 165,
                        "endOffset": 3277
                    }
                }
            },
            {
                "to": {
                    "startLine": 29,
                    "startColumn": 4,
                    "startOffset": 3186,
                    "endColumn": 136,
                    "endOffset": 3318
                },
                "from": {
                    "file": "C:\\Users\\kad\\Desktop\\GE3\\Andoid\\projet\\LED\\app\\build\\intermediates\\exploded-aar\\com.android.support\\appcompat-v7\\21.0.3\\res\\values-v21\\values.xml",
                    "position": {
                        "startLine": 57,
                        "startColumn": 4,
                        "startOffset": 3283,
                        "endColumn": 143,
                        "endOffset": 3422
                    }
                }
            },
            {
                "to": {
                    "startLine": 30,
                    "startColumn": 4,
                    "startOffset": 3323,
                    "endColumn": 152,
                    "endOffset": 3471
                },
                "from": {
                    "file": "C:\\Users\\kad\\Desktop\\GE3\\Andoid\\projet\\LED\\app\\build\\intermediates\\exploded-aar\\com.android.support\\appcompat-v7\\21.0.3\\res\\values-v21\\values.xml",
                    "position": {
                        "startLine": 59,
                        "startColumn": 4,
                        "startOffset": 3428,
                        "endColumn": 159,
                        "endOffset": 3583
                    }
                }
            },
            {
                "to": {
                    "startLine": 31,
                    "startColumn": 4,
                    "startOffset": 3476,
                    "endColumn": 144,
                    "endOffset": 3616
                },
                "from": {
                    "file": "C:\\Users\\kad\\Desktop\\GE3\\Andoid\\projet\\LED\\app\\build\\intermediates\\exploded-aar\\com.android.support\\appcompat-v7\\21.0.3\\res\\values-v21\\values.xml",
                    "position": {
                        "startLine": 61,
                        "startColumn": 4,
                        "startOffset": 3589,
                        "endColumn": 151,
                        "endOffset": 3736
                    }
                }
            },
            {
                "to": {
                    "startLine": 32,
                    "startColumn": 4,
                    "startOffset": 3621,
                    "endColumn": 138,
                    "endOffset": 3755
                },
                "from": {
                    "file": "C:\\Users\\kad\\Desktop\\GE3\\Andoid\\projet\\LED\\app\\build\\intermediates\\exploded-aar\\com.android.support\\appcompat-v7\\21.0.3\\res\\values-v21\\values.xml",
                    "position": {
                        "startLine": 63,
                        "startColumn": 4,
                        "startOffset": 3742,
                        "endColumn": 145,
                        "endOffset": 3883
                    }
                }
            },
            {
                "to": {
                    "startLine": 33,
                    "startColumn": 4,
                    "startOffset": 3760,
                    "endColumn": 136,
                    "endOffset": 3892
                },
                "from": {
                    "file": "C:\\Users\\kad\\Desktop\\GE3\\Andoid\\projet\\LED\\app\\build\\intermediates\\exploded-aar\\com.android.support\\appcompat-v7\\21.0.3\\res\\values-v21\\values.xml",
                    "position": {
                        "startLine": 65,
                        "startColumn": 4,
                        "startOffset": 3889,
                        "endColumn": 143,
                        "endOffset": 4028
                    }
                }
            },
            {
                "to": {
                    "startLine": 34,
                    "startColumn": 4,
                    "startOffset": 3897,
                    "endColumn": 136,
                    "endOffset": 4029
                },
                "from": {
                    "file": "C:\\Users\\kad\\Desktop\\GE3\\Andoid\\projet\\LED\\app\\build\\intermediates\\exploded-aar\\com.android.support\\appcompat-v7\\21.0.3\\res\\values-v21\\values.xml",
                    "position": {
                        "startLine": 67,
                        "startColumn": 4,
                        "startOffset": 4034,
                        "endColumn": 143,
                        "endOffset": 4173
                    }
                }
            },
            {
                "to": {
                    "startLine": 35,
                    "startColumn": 4,
                    "startOffset": 4034,
                    "endColumn": 111,
                    "endOffset": 4141
                },
                "from": {
                    "file": "C:\\Users\\kad\\Desktop\\GE3\\Andoid\\projet\\LED\\app\\build\\intermediates\\exploded-aar\\com.android.support\\appcompat-v7\\21.0.3\\res\\values-v21\\values.xml",
                    "position": {
                        "startLine": 69,
                        "startColumn": 4,
                        "startOffset": 4179,
                        "endColumn": 112,
                        "endOffset": 4287
                    }
                }
            },
            {
                "to": {
                    "startLine": 36,
                    "startColumn": 4,
                    "startOffset": 4146,
                    "endColumn": 140,
                    "endOffset": 4282
                },
                "from": {
                    "file": "C:\\Users\\kad\\Desktop\\GE3\\Andoid\\projet\\LED\\app\\build\\intermediates\\exploded-aar\\com.android.support\\appcompat-v7\\21.0.3\\res\\values-v21\\values.xml",
                    "position": {
                        "startLine": 71,
                        "startColumn": 4,
                        "startOffset": 4293,
                        "endColumn": 147,
                        "endOffset": 4436
                    }
                }
            },
            {
                "to": {
                    "startLine": 37,
                    "startColumn": 4,
                    "startOffset": 4287,
                    "endColumn": 134,
                    "endOffset": 4417
                },
                "from": {
                    "file": "C:\\Users\\kad\\Desktop\\GE3\\Andoid\\projet\\LED\\app\\build\\intermediates\\exploded-aar\\com.android.support\\appcompat-v7\\21.0.3\\res\\values-v21\\values.xml",
                    "position": {
                        "startLine": 73,
                        "startColumn": 4,
                        "startOffset": 4442,
                        "endColumn": 141,
                        "endOffset": 4579
                    }
                }
            },
            {
                "to": {
                    "startLine": 38,
                    "startColumn": 4,
                    "startOffset": 4422,
                    "endColumn": 74,
                    "endOffset": 4492
                },
                "from": {
                    "file": "C:\\Users\\kad\\Desktop\\GE3\\Andoid\\projet\\LED\\app\\build\\intermediates\\exploded-aar\\com.android.support\\appcompat-v7\\21.0.3\\res\\values-v21\\values.xml",
                    "position": {
                        "startLine": 75,
                        "startColumn": 4,
                        "startOffset": 4585,
                        "endColumn": 75,
                        "endOffset": 4656
                    }
                }
            },
            {
                "to": {
                    "startLine": 39,
                    "startColumn": 4,
                    "startOffset": 4497,
                    "endColumn": 88,
                    "endOffset": 4581
                },
                "from": {
                    "file": "C:\\Users\\kad\\Desktop\\GE3\\Andoid\\projet\\LED\\app\\build\\intermediates\\exploded-aar\\com.android.support\\appcompat-v7\\21.0.3\\res\\values-v21\\values.xml",
                    "position": {
                        "startLine": 77,
                        "startColumn": 4,
                        "startOffset": 4662,
                        "endColumn": 89,
                        "endOffset": 4747
                    }
                }
            },
            {
                "to": {
                    "startLine": 40,
                    "startColumn": 4,
                    "startOffset": 4586,
                    "endColumn": 86,
                    "endOffset": 4668
                },
                "from": {
                    "file": "C:\\Users\\kad\\Desktop\\GE3\\Andoid\\projet\\LED\\app\\build\\intermediates\\exploded-aar\\com.android.support\\appcompat-v7\\21.0.3\\res\\values-v21\\values.xml",
                    "position": {
                        "startLine": 79,
                        "startColumn": 4,
                        "startOffset": 4753,
                        "endColumn": 87,
                        "endOffset": 4836
                    }
                }
            },
            {
                "to": {
                    "startLine": 41,
                    "startColumn": 4,
                    "startOffset": 4673,
                    "endColumn": 100,
                    "endOffset": 4769
                },
                "from": {
                    "file": "C:\\Users\\kad\\Desktop\\GE3\\Andoid\\projet\\LED\\app\\build\\intermediates\\exploded-aar\\com.android.support\\appcompat-v7\\21.0.3\\res\\values-v21\\values.xml",
                    "position": {
                        "startLine": 81,
                        "startColumn": 4,
                        "startOffset": 4842,
                        "endColumn": 101,
                        "endOffset": 4939
                    }
                }
            },
            {
                "to": {
                    "startLine": 42,
                    "startColumn": 4,
                    "startOffset": 4774,
                    "endColumn": 86,
                    "endOffset": 4856
                },
                "from": {
                    "file": "C:\\Users\\kad\\Desktop\\GE3\\Andoid\\projet\\LED\\app\\build\\intermediates\\exploded-aar\\com.android.support\\appcompat-v7\\21.0.3\\res\\values-v21\\values.xml",
                    "position": {
                        "startLine": 83,
                        "startColumn": 4,
                        "startOffset": 4945,
                        "endColumn": 93,
                        "endOffset": 5034
                    }
                }
            },
            {
                "to": {
                    "startLine": 43,
                    "startColumn": 4,
                    "startOffset": 4861,
                    "endLine": 45,
                    "endColumn": 12,
                    "endOffset": 5053
                },
                "from": {
                    "file": "C:\\Users\\kad\\Desktop\\GE3\\Andoid\\projet\\LED\\app\\build\\intermediates\\exploded-aar\\com.android.support\\appcompat-v7\\21.0.3\\res\\values-v21\\values.xml",
                    "position": {
                        "startLine": 85,
                        "startColumn": 4,
                        "startOffset": 5040,
                        "endLine": 87,
                        "endColumn": 12,
                        "endOffset": 5232
                    }
                }
            },
            {
                "to": {
                    "startLine": 46,
                    "startColumn": 4,
                    "startOffset": 5058,
                    "endLine": 51,
                    "endColumn": 12,
                    "endOffset": 5325
                },
                "from": {
                    "file": "C:\\Users\\kad\\Desktop\\GE3\\Andoid\\projet\\LED\\app\\build\\intermediates\\exploded-aar\\com.android.support\\appcompat-v7\\21.0.3\\res\\values-v21\\values.xml",
                    "position": {
                        "startLine": 89,
                        "startColumn": 4,
                        "startOffset": 5238,
                        "endLine": 94,
                        "endColumn": 12,
                        "endOffset": 5505
                    }
                }
            },
            {
                "to": {
                    "startLine": 52,
                    "startColumn": 4,
                    "startOffset": 5330,
                    "endLine": 58,
                    "endColumn": 12,
                    "endOffset": 5695
                },
                "from": {
                    "file": "C:\\Users\\kad\\Desktop\\GE3\\Andoid\\projet\\LED\\app\\build\\intermediates\\exploded-aar\\com.android.support\\appcompat-v7\\21.0.3\\res\\values-v21\\values.xml",
                    "position": {
                        "startLine": 96,
                        "startColumn": 4,
                        "startOffset": 5511,
                        "endLine": 102,
                        "endColumn": 12,
                        "endOffset": 5876
                    }
                }
            },
            {
                "to": {
                    "startLine": 59,
                    "startColumn": 4,
                    "startOffset": 5700,
                    "endLine": 64,
                    "endColumn": 12,
                    "endOffset": 5969
                },
                "from": {
                    "file": "C:\\Users\\kad\\Desktop\\GE3\\Andoid\\projet\\LED\\app\\build\\intermediates\\exploded-aar\\com.android.support\\appcompat-v7\\21.0.3\\res\\values-v21\\values.xml",
                    "position": {
                        "startLine": 104,
                        "startColumn": 4,
                        "startOffset": 5882,
                        "endLine": 109,
                        "endColumn": 12,
                        "endOffset": 6151
                    }
                }
            },
            {
                "to": {
                    "startLine": 65,
                    "startColumn": 4,
                    "startOffset": 5974,
                    "endLine": 101,
                    "endColumn": 12,
                    "endOffset": 8542
                },
                "from": {
                    "file": "C:\\Users\\kad\\Desktop\\GE3\\Andoid\\projet\\LED\\app\\build\\intermediates\\exploded-aar\\com.android.support\\appcompat-v7\\21.0.3\\res\\values-v21\\values.xml",
                    "position": {
                        "startLine": 111,
                        "startColumn": 4,
                        "startOffset": 6157,
                        "endLine": 147,
                        "endColumn": 12,
                        "endOffset": 8725
                    }
                }
            },
            {
                "to": {
                    "startLine": 102,
                    "startColumn": 4,
                    "startOffset": 8547,
                    "endLine": 138,
                    "endColumn": 12,
                    "endOffset": 11130
                },
                "from": {
                    "file": "C:\\Users\\kad\\Desktop\\GE3\\Andoid\\projet\\LED\\app\\build\\intermediates\\exploded-aar\\com.android.support\\appcompat-v7\\21.0.3\\res\\values-v21\\values.xml",
                    "position": {
                        "startLine": 149,
                        "startColumn": 4,
                        "startOffset": 8731,
                        "endLine": 185,
                        "endColumn": 12,
                        "endOffset": 11314
                    }
                }
            },
            {
                "to": {
                    "startLine": 139,
                    "startColumn": 4,
                    "startOffset": 11135,
                    "endLine": 175,
                    "endColumn": 12,
                    "endOffset": 13715
                },
                "from": {
                    "file": "C:\\Users\\kad\\Desktop\\GE3\\Andoid\\projet\\LED\\app\\build\\intermediates\\exploded-aar\\com.android.support\\appcompat-v7\\21.0.3\\res\\values-v21\\values.xml",
                    "position": {
                        "startLine": 187,
                        "startColumn": 4,
                        "startOffset": 11320,
                        "endLine": 223,
                        "endColumn": 12,
                        "endOffset": 13900
                    }
                }
            },
            {
                "to": {
                    "startLine": 176,
                    "startColumn": 4,
                    "startOffset": 13720,
                    "endLine": 212,
                    "endColumn": 12,
                    "endOffset": 16315
                },
                "from": {
                    "file": "C:\\Users\\kad\\Desktop\\GE3\\Andoid\\projet\\LED\\app\\build\\intermediates\\exploded-aar\\com.android.support\\appcompat-v7\\21.0.3\\res\\values-v21\\values.xml",
                    "position": {
                        "startLine": 225,
                        "startColumn": 4,
                        "startOffset": 13906,
                        "endLine": 261,
                        "endColumn": 12,
                        "endOffset": 16501
                    }
                }
            },
            {
                "to": {
                    "startLine": 213,
                    "startColumn": 4,
                    "startOffset": 16320,
                    "endColumn": 110,
                    "endOffset": 16426
                },
                "from": {
                    "file": "C:\\Users\\kad\\Desktop\\GE3\\Andoid\\projet\\LED\\app\\build\\intermediates\\exploded-aar\\com.android.support\\appcompat-v7\\21.0.3\\res\\values-v21\\values.xml",
                    "position": {
                        "startLine": 263,
                        "startColumn": 4,
                        "startOffset": 16507,
                        "endColumn": 117,
                        "endOffset": 16620
                    }
                }
            },
            {
                "to": {
                    "startLine": 214,
                    "startColumn": 4,
                    "startOffset": 16431,
                    "endColumn": 110,
                    "endOffset": 16537
                },
                "from": {
                    "file": "C:\\Users\\kad\\Desktop\\GE3\\Andoid\\projet\\LED\\app\\build\\intermediates\\exploded-aar\\com.android.support\\appcompat-v7\\21.0.3\\res\\values-v21\\values.xml",
                    "position": {
                        "startLine": 265,
                        "startColumn": 4,
                        "startOffset": 16626,
                        "endColumn": 117,
                        "endOffset": 16739
                    }
                }
            },
            {
                "to": {
                    "startLine": 215,
                    "startColumn": 4,
                    "startOffset": 16542,
                    "endColumn": 100,
                    "endOffset": 16638
                },
                "from": {
                    "file": "C:\\Users\\kad\\Desktop\\GE3\\Andoid\\projet\\LED\\app\\build\\intermediates\\exploded-aar\\com.android.support\\appcompat-v7\\21.0.3\\res\\values-v21\\values.xml",
                    "position": {
                        "startLine": 267,
                        "startColumn": 4,
                        "startOffset": 16745,
                        "endColumn": 107,
                        "endOffset": 16848
                    }
                }
            },
            {
                "to": {
                    "startLine": 216,
                    "startColumn": 4,
                    "startOffset": 16643,
                    "endColumn": 120,
                    "endOffset": 16759
                },
                "from": {
                    "file": "C:\\Users\\kad\\Desktop\\GE3\\Andoid\\projet\\LED\\app\\build\\intermediates\\exploded-aar\\com.android.support\\appcompat-v7\\21.0.3\\res\\values-v21\\values.xml",
                    "position": {
                        "startLine": 269,
                        "startColumn": 4,
                        "startOffset": 16854,
                        "endColumn": 127,
                        "endOffset": 16977
                    }
                }
            },
            {
                "to": {
                    "startLine": 217,
                    "startColumn": 4,
                    "startOffset": 16764,
                    "endColumn": 118,
                    "endOffset": 16878
                },
                "from": {
                    "file": "C:\\Users\\kad\\Desktop\\GE3\\Andoid\\projet\\LED\\app\\build\\intermediates\\exploded-aar\\com.android.support\\appcompat-v7\\21.0.3\\res\\values-v21\\values.xml",
                    "position": {
                        "startLine": 271,
                        "startColumn": 4,
                        "startOffset": 16983,
                        "endColumn": 125,
                        "endOffset": 17104
                    }
                }
            },
            {
                "to": {
                    "startLine": 218,
                    "startColumn": 4,
                    "startOffset": 16883,
                    "endLine": 224,
                    "endColumn": 12,
                    "endOffset": 17276
                },
                "from": {
                    "file": "C:\\Users\\kad\\Desktop\\GE3\\Andoid\\projet\\LED\\app\\build\\intermediates\\exploded-aar\\com.android.support\\appcompat-v7\\21.0.3\\res\\values-v21\\values.xml",
                    "position": {
                        "startLine": 273,
                        "startColumn": 4,
                        "startOffset": 17110,
                        "endLine": 279,
                        "endColumn": 12,
                        "endOffset": 17503
                    }
                }
            },
            {
                "to": {
                    "startLine": 225,
                    "startColumn": 4,
                    "startOffset": 17281,
                    "endColumn": 116,
                    "endOffset": 17393
                },
                "from": {
                    "file": "C:\\Users\\kad\\Desktop\\GE3\\Andoid\\projet\\LED\\app\\build\\intermediates\\exploded-aar\\com.android.support\\appcompat-v7\\21.0.3\\res\\values-v21\\values.xml",
                    "position": {
                        "startLine": 281,
                        "startColumn": 4,
                        "startOffset": 17509,
                        "endColumn": 117,
                        "endOffset": 17622
                    }
                }
            },
            {
                "to": {
                    "startLine": 226,
                    "startColumn": 4,
                    "startOffset": 17398,
                    "endColumn": 116,
                    "endOffset": 17510
                },
                "from": {
                    "file": "C:\\Users\\kad\\Desktop\\GE3\\Andoid\\projet\\LED\\app\\build\\intermediates\\exploded-aar\\com.android.support\\appcompat-v7\\21.0.3\\res\\values-v21\\values.xml",
                    "position": {
                        "startLine": 283,
                        "startColumn": 4,
                        "startOffset": 17628,
                        "endColumn": 117,
                        "endOffset": 17741
                    }
                }
            },
            {
                "to": {
                    "startLine": 227,
                    "startColumn": 4,
                    "startOffset": 17515,
                    "endColumn": 122,
                    "endOffset": 17633
                },
                "from": {
                    "file": "C:\\Users\\kad\\Desktop\\GE3\\Andoid\\projet\\LED\\app\\build\\intermediates\\exploded-aar\\com.android.support\\appcompat-v7\\21.0.3\\res\\values-v21\\values.xml",
                    "position": {
                        "startLine": 285,
                        "startColumn": 4,
                        "startOffset": 17747,
                        "endColumn": 129,
                        "endOffset": 17872
                    }
                }
            },
            {
                "to": {
                    "startLine": 228,
                    "startColumn": 4,
                    "startOffset": 17638,
                    "endColumn": 130,
                    "endOffset": 17764
                },
                "from": {
                    "file": "C:\\Users\\kad\\Desktop\\GE3\\Andoid\\projet\\LED\\app\\build\\intermediates\\exploded-aar\\com.android.support\\appcompat-v7\\21.0.3\\res\\values-v21\\values.xml",
                    "position": {
                        "startLine": 287,
                        "startColumn": 4,
                        "startOffset": 17878,
                        "endColumn": 137,
                        "endOffset": 18011
                    }
                }
            },
            {
                "to": {
                    "startLine": 229,
                    "startColumn": 4,
                    "startOffset": 17769,
                    "endColumn": 122,
                    "endOffset": 17887
                },
                "from": {
                    "file": "C:\\Users\\kad\\Desktop\\GE3\\Andoid\\projet\\LED\\app\\build\\intermediates\\exploded-aar\\com.android.support\\appcompat-v7\\21.0.3\\res\\values-v21\\values.xml",
                    "position": {
                        "startLine": 289,
                        "startColumn": 4,
                        "startOffset": 18017,
                        "endColumn": 129,
                        "endOffset": 18142
                    }
                }
            },
            {
                "to": {
                    "startLine": 230,
                    "startColumn": 4,
                    "startOffset": 17892,
                    "endColumn": 122,
                    "endOffset": 18010
                },
                "from": {
                    "file": "C:\\Users\\kad\\Desktop\\GE3\\Andoid\\projet\\LED\\app\\build\\intermediates\\exploded-aar\\com.android.support\\appcompat-v7\\21.0.3\\res\\values-v21\\values.xml",
                    "position": {
                        "startLine": 291,
                        "startColumn": 4,
                        "startOffset": 18148,
                        "endColumn": 123,
                        "endOffset": 18267
                    }
                }
            },
            {
                "to": {
                    "startLine": 231,
                    "startColumn": 4,
                    "startOffset": 18015,
                    "endColumn": 106,
                    "endOffset": 18117
                },
                "from": {
                    "file": "C:\\Users\\kad\\Desktop\\GE3\\Andoid\\projet\\LED\\app\\build\\intermediates\\exploded-aar\\com.android.support\\appcompat-v7\\21.0.3\\res\\values-v21\\values.xml",
                    "position": {
                        "startLine": 293,
                        "startColumn": 4,
                        "startOffset": 18273,
                        "endColumn": 113,
                        "endOffset": 18382
                    }
                }
            },
            {
                "to": {
                    "startLine": 232,
                    "startColumn": 4,
                    "startOffset": 18122,
                    "endLine": 235,
                    "endColumn": 12,
                    "endOffset": 18318
                },
                "from": {
                    "file": "C:\\Users\\kad\\Desktop\\GE3\\Andoid\\projet\\LED\\app\\build\\intermediates\\exploded-aar\\com.android.support\\appcompat-v7\\21.0.3\\res\\values-v21\\values.xml",
                    "position": {
                        "startLine": 295,
                        "startColumn": 4,
                        "startOffset": 18388,
                        "endLine": 298,
                        "endColumn": 12,
                        "endOffset": 18584
                    }
                }
            },
            {
                "to": {
                    "startLine": 236,
                    "startColumn": 4,
                    "startOffset": 18323,
                    "endColumn": 106,
                    "endOffset": 18425
                },
                "from": {
                    "file": "C:\\Users\\kad\\Desktop\\GE3\\Andoid\\projet\\LED\\app\\build\\intermediates\\exploded-aar\\com.android.support\\appcompat-v7\\21.0.3\\res\\values-v21\\values.xml",
                    "position": {
                        "startLine": 300,
                        "startColumn": 4,
                        "startOffset": 18590,
                        "endColumn": 113,
                        "endOffset": 18699
                    }
                }
            },
            {
                "to": {
                    "startLine": 237,
                    "startColumn": 4,
                    "startOffset": 18430,
                    "endColumn": 110,
                    "endOffset": 18536
                },
                "from": {
                    "file": "C:\\Users\\kad\\Desktop\\GE3\\Andoid\\projet\\LED\\app\\build\\intermediates\\exploded-aar\\com.android.support\\appcompat-v7\\21.0.3\\res\\values-v21\\values.xml",
                    "position": {
                        "startLine": 302,
                        "startColumn": 4,
                        "startOffset": 18705,
                        "endColumn": 111,
                        "endOffset": 18812
                    }
                }
            },
            {
                "to": {
                    "startLine": 238,
                    "startColumn": 4,
                    "startOffset": 18541,
                    "endColumn": 97,
                    "endOffset": 18634
                },
                "from": {
                    "file": "C:\\Users\\kad\\Desktop\\GE3\\Andoid\\projet\\LED\\app\\build\\intermediates\\exploded-aar\\com.android.support\\appcompat-v7\\21.0.3\\res\\values-v21\\values.xml",
                    "position": {
                        "startLine": 304,
                        "startColumn": 4,
                        "startOffset": 18818,
                        "endColumn": 98,
                        "endOffset": 18912
                    }
                }
            },
            {
                "to": {
                    "startLine": 239,
                    "startColumn": 4,
                    "startOffset": 18639,
                    "endColumn": 94,
                    "endOffset": 18729
                },
                "from": {
                    "file": "C:\\Users\\kad\\Desktop\\GE3\\Andoid\\projet\\LED\\app\\build\\intermediates\\exploded-aar\\com.android.support\\appcompat-v7\\21.0.3\\res\\values-v21\\values.xml",
                    "position": {
                        "startLine": 306,
                        "startColumn": 4,
                        "startOffset": 18918,
                        "endColumn": 101,
                        "endOffset": 19015
                    }
                }
            },
            {
                "to": {
                    "startLine": 240,
                    "startColumn": 4,
                    "startOffset": 18734,
                    "endLine": 243,
                    "endColumn": 12,
                    "endOffset": 18924
                },
                "from": {
                    "file": "C:\\Users\\kad\\Desktop\\GE3\\Andoid\\projet\\LED\\app\\build\\intermediates\\exploded-aar\\com.android.support\\appcompat-v7\\21.0.3\\res\\values-v21\\values.xml",
                    "position": {
                        "startLine": 308,
                        "startColumn": 4,
                        "startOffset": 19021,
                        "endLine": 311,
                        "endColumn": 12,
                        "endOffset": 19211
                    }
                }
            },
            {
                "to": {
                    "startLine": 244,
                    "startColumn": 4,
                    "startOffset": 18929,
                    "endColumn": 98,
                    "endOffset": 19023
                },
                "from": {
                    "file": "C:\\Users\\kad\\Desktop\\GE3\\Andoid\\projet\\LED\\app\\build\\intermediates\\exploded-aar\\com.android.support\\appcompat-v7\\21.0.3\\res\\values-v21\\values.xml",
                    "position": {
                        "startLine": 313,
                        "startColumn": 4,
                        "startOffset": 19217,
                        "endColumn": 105,
                        "endOffset": 19318
                    }
                }
            },
            {
                "to": {
                    "startLine": 245,
                    "startColumn": 4,
                    "startOffset": 19028,
                    "endColumn": 120,
                    "endOffset": 19144
                },
                "from": {
                    "file": "C:\\Users\\kad\\Desktop\\GE3\\Andoid\\projet\\LED\\app\\build\\intermediates\\exploded-aar\\com.android.support\\appcompat-v7\\21.0.3\\res\\values-v21\\values.xml",
                    "position": {
                        "startLine": 315,
                        "startColumn": 4,
                        "startOffset": 19324,
                        "endColumn": 127,
                        "endOffset": 19447
                    }
                }
            },
            {
                "to": {
                    "startLine": 246,
                    "startColumn": 4,
                    "startOffset": 19149,
                    "endColumn": 90,
                    "endOffset": 19235
                },
                "from": {
                    "file": "C:\\Users\\kad\\Desktop\\GE3\\Andoid\\projet\\LED\\app\\build\\intermediates\\exploded-aar\\com.android.support\\appcompat-v7\\21.0.3\\res\\values-v21\\values.xml",
                    "position": {
                        "startLine": 317,
                        "startColumn": 4,
                        "startOffset": 19453,
                        "endColumn": 91,
                        "endOffset": 19540
                    }
                }
            },
            {
                "to": {
                    "startLine": 247,
                    "startColumn": 4,
                    "startOffset": 19240,
                    "endLine": 251,
                    "endColumn": 12,
                    "endOffset": 19544
                },
                "from": {
                    "file": "C:\\Users\\kad\\Desktop\\GE3\\Andoid\\projet\\LED\\app\\build\\intermediates\\exploded-aar\\com.android.support\\appcompat-v7\\21.0.3\\res\\values-v21\\values.xml",
                    "position": {
                        "startLine": 319,
                        "startColumn": 4,
                        "startOffset": 19546,
                        "endLine": 323,
                        "endColumn": 12,
                        "endOffset": 19850
                    }
                }
            },
            {
                "to": {
                    "startLine": 252,
                    "startColumn": 4,
                    "startOffset": 19549,
                    "endColumn": 126,
                    "endOffset": 19671
                },
                "from": {
                    "file": "C:\\Users\\kad\\Desktop\\GE3\\Andoid\\projet\\LED\\app\\build\\intermediates\\exploded-aar\\com.android.support\\appcompat-v7\\21.0.3\\res\\values-v21\\values.xml",
                    "position": {
                        "startLine": 325,
                        "startColumn": 4,
                        "startOffset": 19856,
                        "endColumn": 133,
                        "endOffset": 19985
                    }
                }
            },
            {
                "to": {
                    "startLine": 253,
                    "startColumn": 4,
                    "startOffset": 19676,
                    "endLine": 256,
                    "endColumn": 12,
                    "endOffset": 19867
                },
                "from": {
                    "file": "C:\\Users\\kad\\Desktop\\GE3\\Andoid\\projet\\LED\\app\\build\\intermediates\\exploded-aar\\com.android.support\\appcompat-v7\\21.0.3\\res\\values-v21\\values.xml",
                    "position": {
                        "startLine": 327,
                        "startColumn": 4,
                        "startOffset": 19991,
                        "endLine": 330,
                        "endColumn": 12,
                        "endOffset": 20182
                    }
                }
            },
            {
                "to": {
                    "startLine": 257,
                    "startColumn": 4,
                    "startOffset": 19872,
                    "endLine": 260,
                    "endColumn": 12,
                    "endOffset": 20077
                },
                "from": {
                    "file": "C:\\Users\\kad\\Desktop\\GE3\\Andoid\\projet\\LED\\app\\build\\intermediates\\exploded-aar\\com.android.support\\appcompat-v7\\21.0.3\\res\\values-v21\\values.xml",
                    "position": {
                        "startLine": 332,
                        "startColumn": 4,
                        "startOffset": 20188,
                        "endLine": 335,
                        "endColumn": 12,
                        "endOffset": 20393
                    }
                }
            },
            {
                "to": {
                    "startLine": 261,
                    "startColumn": 4,
                    "startOffset": 20082,
                    "endLine": 264,
                    "endColumn": 12,
                    "endOffset": 20285
                },
                "from": {
                    "file": "C:\\Users\\kad\\Desktop\\GE3\\Andoid\\projet\\LED\\app\\build\\intermediates\\exploded-aar\\com.android.support\\appcompat-v7\\21.0.3\\res\\values-v21\\values.xml",
                    "position": {
                        "startLine": 337,
                        "startColumn": 4,
                        "startOffset": 20399,
                        "endLine": 340,
                        "endColumn": 12,
                        "endOffset": 20602
                    }
                }
            },
            {
                "to": {
                    "startLine": 265,
                    "startColumn": 4,
                    "startOffset": 20290,
                    "endLine": 268,
                    "endColumn": 12,
                    "endOffset": 20507
                },
                "from": {
                    "file": "C:\\Users\\kad\\Desktop\\GE3\\Andoid\\projet\\LED\\app\\build\\intermediates\\exploded-aar\\com.android.support\\appcompat-v7\\21.0.3\\res\\values-v21\\values.xml",
                    "position": {
                        "startLine": 342,
                        "startColumn": 4,
                        "startOffset": 20608,
                        "endLine": 345,
                        "endColumn": 12,
                        "endOffset": 20825
                    }
                }
            }
        ]
    }
]