[
    {
        "outputFile": "C:\\Users\\kad\\Desktop\\GE3\\Andoid\\projet\\LED\\app\\build\\intermediates\\incremental\\mergeDebugResources\\merged.dir\\values-v14\\values-v14.xml",
        "map": [
            {
                "to": {
                    "startLine": 2,
                    "startColumn": 4,
                    "startOffset": 55,
                    "endLine": 8,
                    "endColumn": 12,
                    "endOffset": 564
                },
                "from": {
                    "file": "C:\\Users\\kad\\Desktop\\GE3\\Andoid\\projet\\LED\\app\\build\\intermediates\\exploded-aar\\com.android.support\\appcompat-v7\\21.0.3\\res\\values-v14\\values.xml",
                    "position": {
                        "startLine": 3,
                        "startColumn": 4,
                        "startOffset": 56,
                        "endLine": 9,
                        "endColumn": 12,
                        "endOffset": 565
                    }
                }
            },
            {
                "to": {
                    "startLine": 9,
                    "startColumn": 4,
                    "startOffset": 569,
                    "endLine": 15,
                    "endColumn": 12,
                    "endOffset": 1092
                },
                "from": {
                    "file": "C:\\Users\\kad\\Desktop\\GE3\\Andoid\\projet\\LED\\app\\build\\intermediates\\exploded-aar\\com.android.support\\appcompat-v7\\21.0.3\\res\\values-v14\\values.xml",
                    "position": {
                        "startLine": 11,
                        "startColumn": 4,
                        "startOffset": 571,
                        "endLine": 17,
                        "endColumn": 12,
                        "endOffset": 1094
                    }
                }
            },
            {
                "to": {
                    "startLine": 16,
                    "startColumn": 4,
                    "startOffset": 1097,
                    "endLine": 22,
                    "endColumn": 12,
                    "endOffset": 1618
                },
                "from": {
                    "file": "C:\\Users\\kad\\Desktop\\GE3\\Andoid\\projet\\LED\\app\\build\\intermediates\\exploded-aar\\com.android.support\\appcompat-v7\\21.0.3\\res\\values-v14\\values.xml",
                    "position": {
                        "startLine": 19,
                        "startColumn": 4,
                        "startOffset": 1100,
                        "endLine": 25,
                        "endColumn": 12,
                        "endOffset": 1621
                    }
                }
            },
            {
                "to": {
                    "startLine": 23,
                    "startColumn": 4,
                    "startOffset": 1623,
                    "endLine": 29,
                    "endColumn": 12,
                    "endOffset": 2158
                },
                "from": {
                    "file": "C:\\Users\\kad\\Desktop\\GE3\\Andoid\\projet\\LED\\app\\build\\intermediates\\exploded-aar\\com.android.support\\appcompat-v7\\21.0.3\\res\\values-v14\\values.xml",
                    "position": {
                        "startLine": 27,
                        "startColumn": 4,
                        "startOffset": 1627,
                        "endLine": 33,
                        "endColumn": 12,
                        "endOffset": 2162
                    }
                }
            },
            {
                "to": {
                    "startLine": 30,
                    "startColumn": 4,
                    "startOffset": 2163,
                    "endColumn": 78,
                    "endOffset": 2237
                },
                "from": {
                    "file": "C:\\Users\\kad\\Desktop\\GE3\\Andoid\\projet\\LED\\app\\build\\intermediates\\exploded-aar\\com.android.support\\appcompat-v7\\21.0.3\\res\\values-v14\\values.xml",
                    "position": {
                        "startLine": 35,
                        "startColumn": 4,
                        "startOffset": 2168,
                        "endColumn": 79,
                        "endOffset": 2243
                    }
                }
            },
            {
                "to": {
                    "startLine": 31,
                    "startColumn": 4,
                    "startOffset": 2242,
                    "endColumn": 92,
                    "endOffset": 2330
                },
                "from": {
                    "file": "C:\\Users\\kad\\Desktop\\GE3\\Andoid\\projet\\LED\\app\\build\\intermediates\\exploded-aar\\com.android.support\\appcompat-v7\\21.0.3\\res\\values-v14\\values.xml",
                    "position": {
                        "startLine": 37,
                        "startColumn": 4,
                        "startOffset": 2249,
                        "endColumn": 93,
                        "endOffset": 2338
                    }
                }
            },
            {
                "to": {
                    "startLine": 32,
                    "startColumn": 4,
                    "startOffset": 2335,
                    "endColumn": 90,
                    "endOffset": 2421
                },
                "from": {
                    "file": "C:\\Users\\kad\\Desktop\\GE3\\Andoid\\projet\\LED\\app\\build\\intermediates\\exploded-aar\\com.android.support\\appcompat-v7\\21.0.3\\res\\values-v14\\values.xml",
                    "position": {
                        "startLine": 39,
                        "startColumn": 4,
                        "startOffset": 2344,
                        "endColumn": 91,
                        "endOffset": 2431
                    }
                }
            },
            {
                "to": {
                    "startLine": 33,
                    "startColumn": 4,
                    "startOffset": 2426,
                    "endColumn": 104,
                    "endOffset": 2526
                },
                "from": {
                    "file": "C:\\Users\\kad\\Desktop\\GE3\\Andoid\\projet\\LED\\app\\build\\intermediates\\exploded-aar\\com.android.support\\appcompat-v7\\21.0.3\\res\\values-v14\\values.xml",
                    "position": {
                        "startLine": 41,
                        "startColumn": 4,
                        "startOffset": 2437,
                        "endColumn": 105,
                        "endOffset": 2538
                    }
                }
            }
        ]
    }
]