<?xml version="1.0" encoding="utf-8"?>
<resources>
    <style name="Base.Theme.AppCompat" parent="Base.V14.Theme.AppCompat">
        <item name="android:actionModeCutDrawable">?actionModeCutDrawable</item>
        <item name="android:actionModeCopyDrawable">?actionModeCopyDrawable</item>
        <item name="android:actionModePasteDrawable">?actionModePasteDrawable</item>
        <item name="android:actionModeSelectAllDrawable">?actionModeSelectAllDrawable</item>
        <item name="android:actionModeShareDrawable">?actionModeShareDrawable</item>
    </style>
    <style name="Base.Theme.AppCompat.Dialog" parent="Base.V14.Theme.AppCompat.Dialog">
        <item name="android:actionModeCutDrawable">?actionModeCutDrawable</item>
        <item name="android:actionModeCopyDrawable">?actionModeCopyDrawable</item>
        <item name="android:actionModePasteDrawable">?actionModePasteDrawable</item>
        <item name="android:actionModeSelectAllDrawable">?actionModeSelectAllDrawable</item>
        <item name="android:actionModeShareDrawable">?actionModeShareDrawable</item>
    </style>
    <style name="Base.Theme.AppCompat.Light" parent="Base.V14.Theme.AppCompat.Light">
        <item name="android:actionModeCutDrawable">?actionModeCutDrawable</item>
        <item name="android:actionModeCopyDrawable">?actionModeCopyDrawable</item>
        <item name="android:actionModePasteDrawable">?actionModePasteDrawable</item>
        <item name="android:actionModeSelectAllDrawable">?actionModeSelectAllDrawable</item>
        <item name="android:actionModeShareDrawable">?actionModeShareDrawable</item>
    </style>
    <style name="Base.Theme.AppCompat.Light.Dialog" parent="Base.V14.Theme.AppCompat.Light.Dialog">
        <item name="android:actionModeCutDrawable">?actionModeCutDrawable</item>
        <item name="android:actionModeCopyDrawable">?actionModeCopyDrawable</item>
        <item name="android:actionModePasteDrawable">?actionModePasteDrawable</item>
        <item name="android:actionModeSelectAllDrawable">?actionModeSelectAllDrawable</item>
        <item name="android:actionModeShareDrawable">?actionModeShareDrawable</item>
    </style>
    <style name="Base.V14.Theme.AppCompat" parent="Base.V11.Theme.AppCompat"/>
    <style name="Base.V14.Theme.AppCompat.Dialog" parent="Base.V11.Theme.AppCompat.Dialog"/>
    <style name="Base.V14.Theme.AppCompat.Light" parent="Base.V11.Theme.AppCompat.Light"/>
    <style name="Base.V14.Theme.AppCompat.Light.Dialog" parent="Base.V11.Theme.AppCompat.Light.Dialog"/>
</resources>