<?xml version="1.0" encoding="utf-8"?>
<resources>
    <string msgid="4600421777120114993" name="abc_action_bar_home_description">"Siirry etusivulle"</string>
    <string msgid="1397052879051804371" name="abc_action_bar_home_description_format">"%1$s, %2$s"</string>
    <string msgid="6623331958280229229" name="abc_action_bar_home_subtitle_description_format">"%1$s, %2$s, %3$s"</string>
    <string msgid="1594238315039666878" name="abc_action_bar_up_description">"Siirry ylös"</string>
    <string msgid="3588849162933574182" name="abc_action_menu_overflow_description">"Lisää"</string>
    <string msgid="4076576682505996667" name="abc_action_mode_done">"Valmis"</string>
    <string msgid="7468859129482906941" name="abc_activity_chooser_view_see_all">"Näytä kaikki"</string>
    <string msgid="2031811694353399454" name="abc_activitychooserview_choose_application">"Valitse sovellus"</string>
    <string msgid="3691816814315814921" name="abc_searchview_description_clear">"Tyhjennä kysely"</string>
    <string msgid="2550479030709304392" name="abc_searchview_description_query">"Hakulauseke"</string>
    <string msgid="8264924765203268293" name="abc_searchview_description_search">"Haku"</string>
    <string msgid="8928215447528550784" name="abc_searchview_description_submit">"Lähetä kysely"</string>
    <string msgid="893419373245838918" name="abc_searchview_description_voice">"Puhehaku"</string>
    <string msgid="3421042268587513524" name="abc_shareactionprovider_share_with">"Jakaminen:"</string>
    <string msgid="7165123711973476752" name="abc_shareactionprovider_share_with_application">"Jakaminen: %s"</string>
</resources>