[
    {
        "outputFile": "C:\\Users\\kad\\Desktop\\GE3\\Andoid\\projet\\LED\\app\\build\\intermediates\\incremental\\mergeDebugResources\\merged.dir\\values-large-v4\\values-large-v4.xml",
        "map": [
            {
                "to": {
                    "startLine": 2,
                    "startColumn": 4,
                    "startOffset": 55,
                    "endColumn": 61,
                    "endOffset": 112
                },
                "from": {
                    "file": "C:\\Users\\kad\\Desktop\\GE3\\Andoid\\projet\\LED\\app\\build\\intermediates\\exploded-aar\\com.android.support\\appcompat-v7\\21.0.3\\res\\values-large\\values.xml",
                    "position": {
                        "startLine": 3,
                        "startColumn": 4,
                        "startOffset": 56,
                        "endColumn": 61,
                        "endOffset": 113
                    }
                }
            },
            {
                "to": {
                    "startLine": 3,
                    "startColumn": 4,
                    "startOffset": 117,
                    "endColumn": 71,
                    "endOffset": 184
                },
                "from": {
                    "file": "C:\\Users\\kad\\Desktop\\GE3\\Andoid\\projet\\LED\\app\\build\\intermediates\\exploded-aar\\com.android.support\\appcompat-v7\\21.0.3\\res\\values-large\\values.xml",
                    "position": {
                        "startLine": 4,
                        "startColumn": 4,
                        "startOffset": 118,
                        "endColumn": 71,
                        "endOffset": 185
                    }
                }
            },
            {
                "to": {
                    "startLine": 4,
                    "startColumn": 4,
                    "startOffset": 189,
                    "endColumn": 58,
                    "endOffset": 243
                },
                "from": {
                    "file": "C:\\Users\\kad\\Desktop\\GE3\\Andoid\\projet\\LED\\app\\build\\intermediates\\exploded-aar\\com.android.support\\appcompat-v7\\21.0.3\\res\\values-large\\values.xml",
                    "position": {
                        "startLine": 6,
                        "startColumn": 4,
                        "startOffset": 191,
                        "endColumn": 58,
                        "endOffset": 245
                    }
                }
            },
            {
                "to": {
                    "startLine": 5,
                    "startColumn": 4,
                    "startOffset": 248,
                    "endColumn": 63,
                    "endOffset": 307
                },
                "from": {
                    "file": "C:\\Users\\kad\\Desktop\\GE3\\Andoid\\projet\\LED\\app\\build\\intermediates\\exploded-aar\\com.android.support\\appcompat-v7\\21.0.3\\res\\values-large\\values.xml",
                    "position": {
                        "startLine": 7,
                        "startColumn": 4,
                        "startOffset": 250,
                        "endColumn": 63,
                        "endOffset": 309
                    }
                }
            },
            {
                "to": {
                    "startLine": 6,
                    "startColumn": 4,
                    "startOffset": 312,
                    "endColumn": 66,
                    "endOffset": 374
                },
                "from": {
                    "file": "C:\\Users\\kad\\Desktop\\GE3\\Andoid\\projet\\LED\\app\\build\\intermediates\\exploded-aar\\com.android.support\\appcompat-v7\\21.0.3\\res\\values-large\\values.xml",
                    "position": {
                        "startLine": 9,
                        "startColumn": 4,
                        "startOffset": 315,
                        "endColumn": 66,
                        "endOffset": 377
                    }
                }
            },
            {
                "to": {
                    "startLine": 7,
                    "startColumn": 4,
                    "startOffset": 379,
                    "endColumn": 66,
                    "endOffset": 441
                },
                "from": {
                    "file": "C:\\Users\\kad\\Desktop\\GE3\\Andoid\\projet\\LED\\app\\build\\intermediates\\exploded-aar\\com.android.support\\appcompat-v7\\21.0.3\\res\\values-large\\values.xml",
                    "position": {
                        "startLine": 10,
                        "startColumn": 4,
                        "startOffset": 382,
                        "endColumn": 66,
                        "endOffset": 444
                    }
                }
            },
            {
                "to": {
                    "startLine": 8,
                    "startColumn": 4,
                    "startOffset": 446,
                    "endColumn": 65,
                    "endOffset": 507
                },
                "from": {
                    "file": "C:\\Users\\kad\\Desktop\\GE3\\Andoid\\projet\\LED\\app\\build\\intermediates\\exploded-aar\\com.android.support\\appcompat-v7\\21.0.3\\res\\values-large\\values.xml",
                    "position": {
                        "startLine": 11,
                        "startColumn": 4,
                        "startOffset": 449,
                        "endColumn": 65,
                        "endOffset": 510
                    }
                }
            },
            {
                "to": {
                    "startLine": 9,
                    "startColumn": 4,
                    "startOffset": 512,
                    "endColumn": 65,
                    "endOffset": 573
                },
                "from": {
                    "file": "C:\\Users\\kad\\Desktop\\GE3\\Andoid\\projet\\LED\\app\\build\\intermediates\\exploded-aar\\com.android.support\\appcompat-v7\\21.0.3\\res\\values-large\\values.xml",
                    "position": {
                        "startLine": 12,
                        "startColumn": 4,
                        "startOffset": 515,
                        "endColumn": 65,
                        "endOffset": 576
                    }
                }
            },
            {
                "to": {
                    "startLine": 10,
                    "startColumn": 4,
                    "startOffset": 578,
                    "endColumn": 54,
                    "endOffset": 628
                },
                "from": {
                    "file": "C:\\Users\\kad\\Desktop\\GE3\\Andoid\\projet\\LED\\app\\build\\intermediates\\exploded-aar\\com.android.support\\appcompat-v7\\21.0.3\\res\\values-large\\values.xml",
                    "position": {
                        "startLine": 14,
                        "startColumn": 4,
                        "startOffset": 582,
                        "endColumn": 54,
                        "endOffset": 632
                    }
                }
            },
            {
                "to": {
                    "startLine": 11,
                    "startColumn": 4,
                    "startOffset": 633,
                    "endColumn": 103,
                    "endOffset": 732
                },
                "from": {
                    "file": "C:\\Users\\kad\\Desktop\\GE3\\Andoid\\projet\\LED\\app\\build\\intermediates\\exploded-aar\\com.android.support\\appcompat-v7\\21.0.3\\res\\values-large\\values.xml",
                    "position": {
                        "startLine": 16,
                        "startColumn": 4,
                        "startOffset": 638,
                        "endColumn": 104,
                        "endOffset": 738
                    }
                }
            },
            {
                "to": {
                    "startLine": 12,
                    "startColumn": 4,
                    "startOffset": 737,
                    "endColumn": 115,
                    "endOffset": 848
                },
                "from": {
                    "file": "C:\\Users\\kad\\Desktop\\GE3\\Andoid\\projet\\LED\\app\\build\\intermediates\\exploded-aar\\com.android.support\\appcompat-v7\\21.0.3\\res\\values-large\\values.xml",
                    "position": {
                        "startLine": 18,
                        "startColumn": 4,
                        "startOffset": 744,
                        "endColumn": 116,
                        "endOffset": 856
                    }
                }
            }
        ]
    }
]