[
    {
        "outputFile": "C:\\Users\\kad\\Desktop\\GE3\\Andoid\\projet\\LED\\app\\build\\intermediates\\incremental\\mergeDebugResources\\merged.dir\\values-gl-rES\\values-gl-rES.xml",
        "map": [
            {
                "to": {
                    "startLine": 2,
                    "startColumn": 4,
                    "startOffset": 55,
                    "endColumn": 111,
                    "endOffset": 162
                },
                "from": {
                    "file": "C:\\Users\\kad\\Desktop\\GE3\\Andoid\\projet\\LED\\app\\build\\intermediates\\exploded-aar\\com.android.support\\appcompat-v7\\21.0.3\\res\\values-gl-rES\\values.xml",
                    "position": {
                        "startLine": 3,
                        "startColumn": 4,
                        "startOffset": 56,
                        "endColumn": 111,
                        "endOffset": 163
                    }
                }
            },
            {
                "to": {
                    "startLine": 3,
                    "startColumn": 4,
                    "startOffset": 167,
                    "endColumn": 107,
                    "endOffset": 270
                },
                "from": {
                    "file": "C:\\Users\\kad\\Desktop\\GE3\\Andoid\\projet\\LED\\app\\build\\intermediates\\exploded-aar\\com.android.support\\appcompat-v7\\21.0.3\\res\\values-gl-rES\\values.xml",
                    "position": {
                        "startLine": 4,
                        "startColumn": 4,
                        "startOffset": 168,
                        "endColumn": 107,
                        "endOffset": 271
                    }
                }
            },
            {
                "to": {
                    "startLine": 4,
                    "startColumn": 4,
                    "startOffset": 275,
                    "endColumn": 122,
                    "endOffset": 393
                },
                "from": {
                    "file": "C:\\Users\\kad\\Desktop\\GE3\\Andoid\\projet\\LED\\app\\build\\intermediates\\exploded-aar\\com.android.support\\appcompat-v7\\21.0.3\\res\\values-gl-rES\\values.xml",
                    "position": {
                        "startLine": 5,
                        "startColumn": 4,
                        "startOffset": 276,
                        "endColumn": 122,
                        "endOffset": 394
                    }
                }
            },
            {
                "to": {
                    "startLine": 5,
                    "startColumn": 4,
                    "startOffset": 398,
                    "endColumn": 111,
                    "endOffset": 505
                },
                "from": {
                    "file": "C:\\Users\\kad\\Desktop\\GE3\\Andoid\\projet\\LED\\app\\build\\intermediates\\exploded-aar\\com.android.support\\appcompat-v7\\21.0.3\\res\\values-gl-rES\\values.xml",
                    "position": {
                        "startLine": 6,
                        "startColumn": 4,
                        "startOffset": 399,
                        "endColumn": 111,
                        "endOffset": 506
                    }
                }
            },
            {
                "to": {
                    "startLine": 6,
                    "startColumn": 4,
                    "startOffset": 510,
                    "endColumn": 107,
                    "endOffset": 613
                },
                "from": {
                    "file": "C:\\Users\\kad\\Desktop\\GE3\\Andoid\\projet\\LED\\app\\build\\intermediates\\exploded-aar\\com.android.support\\appcompat-v7\\21.0.3\\res\\values-gl-rES\\values.xml",
                    "position": {
                        "startLine": 7,
                        "startColumn": 4,
                        "startOffset": 511,
                        "endColumn": 107,
                        "endOffset": 614
                    }
                }
            },
            {
                "to": {
                    "startLine": 7,
                    "startColumn": 4,
                    "startOffset": 618,
                    "endColumn": 84,
                    "endOffset": 698
                },
                "from": {
                    "file": "C:\\Users\\kad\\Desktop\\GE3\\Andoid\\projet\\LED\\app\\build\\intermediates\\exploded-aar\\com.android.support\\appcompat-v7\\21.0.3\\res\\values-gl-rES\\values.xml",
                    "position": {
                        "startLine": 8,
                        "startColumn": 4,
                        "startOffset": 619,
                        "endColumn": 84,
                        "endOffset": 699
                    }
                }
            },
            {
                "to": {
                    "startLine": 8,
                    "startColumn": 4,
                    "startOffset": 703,
                    "endColumn": 101,
                    "endOffset": 800
                },
                "from": {
                    "file": "C:\\Users\\kad\\Desktop\\GE3\\Andoid\\projet\\LED\\app\\build\\intermediates\\exploded-aar\\com.android.support\\appcompat-v7\\21.0.3\\res\\values-gl-rES\\values.xml",
                    "position": {
                        "startLine": 9,
                        "startColumn": 4,
                        "startOffset": 704,
                        "endColumn": 101,
                        "endOffset": 801
                    }
                }
            },
            {
                "to": {
                    "startLine": 9,
                    "startColumn": 4,
                    "startOffset": 805,
                    "endColumn": 125,
                    "endOffset": 926
                },
                "from": {
                    "file": "C:\\Users\\kad\\Desktop\\GE3\\Andoid\\projet\\LED\\app\\build\\intermediates\\exploded-aar\\com.android.support\\appcompat-v7\\21.0.3\\res\\values-gl-rES\\values.xml",
                    "position": {
                        "startLine": 10,
                        "startColumn": 4,
                        "startOffset": 806,
                        "endColumn": 125,
                        "endOffset": 927
                    }
                }
            },
            {
                "to": {
                    "startLine": 10,
                    "startColumn": 4,
                    "startOffset": 931,
                    "endColumn": 106,
                    "endOffset": 1033
                },
                "from": {
                    "file": "C:\\Users\\kad\\Desktop\\GE3\\Andoid\\projet\\LED\\app\\build\\intermediates\\exploded-aar\\com.android.support\\appcompat-v7\\21.0.3\\res\\values-gl-rES\\values.xml",
                    "position": {
                        "startLine": 11,
                        "startColumn": 4,
                        "startOffset": 932,
                        "endColumn": 106,
                        "endOffset": 1034
                    }
                }
            },
            {
                "to": {
                    "startLine": 11,
                    "startColumn": 4,
                    "startOffset": 1038,
                    "endColumn": 108,
                    "endOffset": 1142
                },
                "from": {
                    "file": "C:\\Users\\kad\\Desktop\\GE3\\Andoid\\projet\\LED\\app\\build\\intermediates\\exploded-aar\\com.android.support\\appcompat-v7\\21.0.3\\res\\values-gl-rES\\values.xml",
                    "position": {
                        "startLine": 12,
                        "startColumn": 4,
                        "startOffset": 1039,
                        "endColumn": 108,
                        "endOffset": 1143
                    }
                }
            },
            {
                "to": {
                    "startLine": 12,
                    "startColumn": 4,
                    "startOffset": 1147,
                    "endColumn": 98,
                    "endOffset": 1241
                },
                "from": {
                    "file": "C:\\Users\\kad\\Desktop\\GE3\\Andoid\\projet\\LED\\app\\build\\intermediates\\exploded-aar\\com.android.support\\appcompat-v7\\21.0.3\\res\\values-gl-rES\\values.xml",
                    "position": {
                        "startLine": 13,
                        "startColumn": 4,
                        "startOffset": 1148,
                        "endColumn": 98,
                        "endOffset": 1242
                    }
                }
            },
            {
                "to": {
                    "startLine": 13,
                    "startColumn": 4,
                    "startOffset": 1246,
                    "endColumn": 107,
                    "endOffset": 1349
                },
                "from": {
                    "file": "C:\\Users\\kad\\Desktop\\GE3\\Andoid\\projet\\LED\\app\\build\\intermediates\\exploded-aar\\com.android.support\\appcompat-v7\\21.0.3\\res\\values-gl-rES\\values.xml",
                    "position": {
                        "startLine": 14,
                        "startColumn": 4,
                        "startOffset": 1247,
                        "endColumn": 107,
                        "endOffset": 1350
                    }
                }
            },
            {
                "to": {
                    "startLine": 14,
                    "startColumn": 4,
                    "startOffset": 1354,
                    "endColumn": 102,
                    "endOffset": 1452
                },
                "from": {
                    "file": "C:\\Users\\kad\\Desktop\\GE3\\Andoid\\projet\\LED\\app\\build\\intermediates\\exploded-aar\\com.android.support\\appcompat-v7\\21.0.3\\res\\values-gl-rES\\values.xml",
                    "position": {
                        "startLine": 15,
                        "startColumn": 4,
                        "startOffset": 1355,
                        "endColumn": 102,
                        "endOffset": 1453
                    }
                }
            },
            {
                "to": {
                    "startLine": 15,
                    "startColumn": 4,
                    "startOffset": 1457,
                    "endColumn": 106,
                    "endOffset": 1559
                },
                "from": {
                    "file": "C:\\Users\\kad\\Desktop\\GE3\\Andoid\\projet\\LED\\app\\build\\intermediates\\exploded-aar\\com.android.support\\appcompat-v7\\21.0.3\\res\\values-gl-rES\\values.xml",
                    "position": {
                        "startLine": 16,
                        "startColumn": 4,
                        "startOffset": 1458,
                        "endColumn": 106,
                        "endOffset": 1560
                    }
                }
            },
            {
                "to": {
                    "startLine": 16,
                    "startColumn": 4,
                    "startOffset": 1564,
                    "endColumn": 121,
                    "endOffset": 1681
                },
                "from": {
                    "file": "C:\\Users\\kad\\Desktop\\GE3\\Andoid\\projet\\LED\\app\\build\\intermediates\\exploded-aar\\com.android.support\\appcompat-v7\\21.0.3\\res\\values-gl-rES\\values.xml",
                    "position": {
                        "startLine": 17,
                        "startColumn": 4,
                        "startOffset": 1565,
                        "endColumn": 121,
                        "endOffset": 1682
                    }
                }
            }
        ]
    }
]